timestamp,p_supplied_kw,p_consumed_kw
1/1/2025 1:00,1,6447.3
1/1/2025 2:00,0.333333333,6382.65
1/1/2025 3:00,16.33333333,6320.12
1/1/2025 4:00,1,6277.13
1/1/2025 5:00,0.666666667,6298.52
1/1/2025 6:00,1,6452.08
1/1/2025 7:00,0.666666667,6684.01
1/1/2025 8:00,1,6893.62
1/1/2025 9:00,54,7021.28
1/1/2025 10:00,24,7012.36
1/1/2025 11:00,111.3333333,6955.87
1/1/2025 12:00,54,6862.07
1/1/2025 13:00,44,6693.21
1/1/2025 14:00,8.666666667,6563.56
1/1/2025 15:00,129.3333333,6550.64
1/1/2025 16:00,218.3333333,6626.07
1/1/2025 17:00,158,6803.65
1/1/2025 18:00,8.666666667,7157.04
1/1/2025 19:00,46.66666667,7501.95
1/1/2025 20:00,8.333333333,7494.13
1/1/2025 21:00,8.333333333,7412.46
1/1/2025 22:00,16.33333333,7252.43
1/1/2025 23:00,0.666666667,6925.73
2/1/2025 0:00,8.444444445,6625.44
2/1/2025 1:00,16.22222222,6535.89
2/1/2025 2:00,24,6413.78
2/1/2025 3:00,26.33333333,6376.77
2/1/2025 4:00,65,6413.43
2/1/2025 5:00,90.66666667,6564.91
2/1/2025 6:00,137.3333333,6811.36
2/1/2025 7:00,54,7170.69
2/1/2025 8:00,55,7495.99
2/1/2025 9:00,55,7655.27
2/1/2025 10:00,171.6666667,7726.47
2/1/2025 11:00,396,7684.99
2/1/2025 12:00,278.6666667,7551.7
2/1/2025 13:00,176,7450.89
2/1/2025 14:00,359.6666667,7352
2/1/2025 15:00,884.3333333,7262.24
2/1/2025 16:00,980,7165.12
2/1/2025 17:00,1000,7203.51
2/1/2025 18:00,804.6666667,7457.27
2/1/2025 19:00,456.6666667,7737.49
2/1/2025 20:00,282,7660.63
2/1/2025 21:00,261.3333333,7502.37
2/1/2025 22:00,0.333333333,7293.86
2/1/2025 23:00,0,6941.65
3/1/2025 0:00,0.666666667,6549.62
3/1/2025 1:00,0.333333333,6229.75
3/1/2025 2:00,0,6017.87
3/1/2025 3:00,4.583333333,5899.12
3/1/2025 4:00,9.166666665,5860.33
3/1/2025 5:00,13.75,5953.39
3/1/2025 6:00,18.33333333,6197.27
3/1/2025 7:00,24,6570.58
3/1/2025 8:00,39.5,6890.39
3/1/2025 9:00,55,7058.3
3/1/2025 10:00,70.5,7156.05
3/1/2025 11:00,0,7210.05
3/1/2025 12:00,4.333333334,7230.26
3/1/2025 13:00,8.666666667,7202.92
3/1/2025 14:00,24,7152.11
3/1/2025 15:00,16.33333333,7058.94
3/1/2025 16:00,24,7066.5
3/1/2025 17:00,0.5,7176.61
3/1/2025 18:00,0.666666667,7325.46
3/1/2025 19:00,0.5,7521.32
3/1/2025 20:00,111.6666667,7439.92
3/1/2025 21:00,111.3333333,7303.91
3/1/2025 22:00,34,7076.77
3/1/2025 23:00,24,6833.95
4/1/2025 0:00,16.33333333,6493.49
4/1/2025 1:00,0,6170.54
4/1/2025 2:00,65,5959.83
4/1/2025 3:00,567.3333333,5789.45
4/1/2025 4:00,787.3333333,5713.39
4/1/2025 5:00,765,5688.57
4/1/2025 6:00,623.3333333,5789.51
4/1/2025 7:00,346,5988.51
4/1/2025 8:00,844.3333333,6212.31
4/1/2025 9:00,900.3333333,6439.92
4/1/2025 10:00,809.6666667,6703.96
4/1/2025 11:00,888,6863.66
4/1/2025 12:00,709,6933.93
4/1/2025 13:00,883,6964.9
4/1/2025 14:00,903,6965.67
4/1/2025 15:00,1000,6963.32
4/1/2025 16:00,1000,6963.84
4/1/2025 17:00,1000,7026.79
4/1/2025 18:00,1000,7232.81
4/1/2025 19:00,1000,7473.55
4/1/2025 20:00,1000,7398.82
4/1/2025 21:00,1000,7278.24
4/1/2025 22:00,980,7084.71
4/1/2025 23:00,922.6666667,6799.5
5/1/2025 0:00,980,6492.02
5/1/2025 1:00,980,6176.41
5/1/2025 2:00,1000,5912.99
5/1/2025 3:00,1000,5731.24
5/1/2025 4:00,1000,5648.15
5/1/2025 5:00,1000,5607.79
5/1/2025 6:00,1000,5641.83
5/1/2025 7:00,1000,5765.86
5/1/2025 8:00,1000,5924.33
5/1/2025 9:00,694,6154.42
5/1/2025 10:00,257,6429.88
5/1/2025 11:00,359.6666667,6577.28
5/1/2025 12:00,402,6590.57
5/1/2025 13:00,748.6666667,6715.38
5/1/2025 14:00,285.6666667,6738.83
5/1/2025 15:00,854.6666667,6744.51
5/1/2025 16:00,962.6666667,6793.43
5/1/2025 17:00,922.6666667,6921.71
5/1/2025 18:00,900.3333333,7155.77
5/1/2025 19:00,568.6666667,7620.2
5/1/2025 20:00,787.3333333,7782.11
5/1/2025 21:00,787.3333333,7866.38
5/1/2025 22:00,787.3333333,7907.6
5/1/2025 23:00,735.3333333,7867.6
6/1/2025 0:00,470.3333333,7830.08
6/1/2025 1:00,797.3333333,7136.14
6/1/2025 2:00,537.6666667,7132.66
6/1/2025 3:00,384.6666667,7197.21
6/1/2025 4:00,359.6666667,7394.08
6/1/2025 5:00,402,7737.31
6/1/2025 6:00,278.6666667,8343.38
6/1/2025 7:00,218.3333333,9147.83
6/1/2025 8:00,24,9681.48
6/1/2025 9:00,39,9760.87
6/1/2025 10:00,54,9458.43
6/1/2025 11:00,65,9137.27
6/1/2025 12:00,24,8838.29
6/1/2025 13:00,109,8562.76
6/1/2025 14:00,194,8315.56
6/1/2025 15:00,65,8127.66
6/1/2025 16:00,111.3333333,8094.14
6/1/2025 17:00,26,8320.01
6/1/2025 18:00,70.5,8818.65
6/1/2025 19:00,1,9383.35
6/1/2025 20:00,39,9520.02
6/1/2025 21:00,54,9508.91
6/1/2025 22:00,47,9322.5
6/1/2025 23:00,26.33333333,8936.3
7/1/2025 0:00,0.5,8595.15
7/1/2025 1:00,1,9512.59
7/1/2025 2:00,0.5,9487.11
7/1/2025 3:00,0,9573.8
7/1/2025 4:00,54,9761.16
7/1/2025 5:00,12.5,10054.35
7/1/2025 6:00,0,10601.02
7/1/2025 7:00,3,11376.19
7/1/2025 8:00,6,11715.07
7/1/2025 9:00,9,11323.92
7/1/2025 10:00,12,10660.96
7/1/2025 11:00,15,10018.75
7/1/2025 12:00,18,9438.13
7/1/2025 13:00,44,8961.72
7/1/2025 14:00,27.5,8647.37
7/1/2025 15:00,129.3333333,8427.18
7/1/2025 16:00,147.3333333,8450.18
7/1/2025 17:00,189.6666667,8741.91
7/1/2025 18:00,359.6666667,9435.61
7/1/2025 19:00,371.3333333,10072.14
7/1/2025 20:00,445.3333333,10222.14
7/1/2025 21:00,567.3333333,10223.47
7/1/2025 22:00,556,10066.66
7/1/2025 23:00,508,9697.2
8/1/2025 0:00,359.6666667,9385.69
8/1/2025 1:00,285.6666667,9238.76
8/1/2025 2:00,310.6666667,9188.12
8/1/2025 3:00,218.3333333,9249.22
8/1/2025 4:00,261.3333333,9385.06
8/1/2025 5:00,243.3333333,9648.21
8/1/2025 6:00,452.3333333,10143.53
8/1/2025 7:00,303.6666667,10853.3
8/1/2025 8:00,285.6666667,11182.9
8/1/2025 9:00,440.6666667,11129.98
8/1/2025 10:00,218.3333333,10977.38
8/1/2025 11:00,189.6666667,10773.88
8/1/2025 12:00,119.3333333,10571.35
8/1/2025 13:00,100.6666667,10357.12
8/1/2025 14:00,111.3333333,10155.31
8/1/2025 15:00,161.6666667,10001.41
8/1/2025 16:00,12.5,9985.09
8/1/2025 17:00,39,10162.47
8/1/2025 18:00,1,10560.39
8/1/2025 19:00,0,10908.7
8/1/2025 20:00,0,10842.79
8/1/2025 21:00,1,10625.98
8/1/2025 22:00,0.666666667,10260.1
8/1/2025 23:00,0.333333333,9750.92
9/1/2025 0:00,0,9288.68
9/1/2025 1:00,0.5,8985.3
9/1/2025 2:00,1,8793.75
9/1/2025 3:00,8.666666667,8745.6
9/1/2025 4:00,39,8755.61
9/1/2025 5:00,26,8903.58
9/1/2025 6:00,72.66666667,9343.58
9/1/2025 7:00,111.3333333,10056.81
9/1/2025 8:00,129.3333333,10369.92
9/1/2025 9:00,72.66666667,10391.55
9/1/2025 10:00,12,10419.85
9/1/2025 11:00,16,10473.83
9/1/2025 12:00,15.2,10626.66
9/1/2025 13:00,14.4,10774.25
9/1/2025 14:00,13.6,10931.27
9/1/2025 15:00,12.8,11063.1
9/1/2025 16:00,12,11267.24
9/1/2025 17:00,1,11574.06
9/1/2025 18:00,1,11932.17
9/1/2025 19:00,0.833333333,12034.39
9/1/2025 20:00,0.666666667,11771.53
9/1/2025 21:00,0.5,11374.1
9/1/2025 22:00,0.333333333,10919.26
9/1/2025 23:00,0.166666667,10383.12
10/1/2025 0:00,0,9910.01
10/1/2025 1:00,36.78571429,9525.52
10/1/2025 2:00,73.57142857,9368.93
10/1/2025 3:00,110.3571429,9316.4
10/1/2025 4:00,147.1428571,9390.06
10/1/2025 5:00,183.9285714,9634.23
10/1/2025 6:00,220.7142857,10181.62
10/1/2025 7:00,257.5,10953.25
10/1/2025 8:00,389.3333333,11301.31
10/1/2025 9:00,798.6666667,11134.39
10/1/2025 10:00,623.3333333,10928.52
10/1/2025 11:00,731.3333333,10882.69
10/1/2025 12:00,827,10777.88
10/1/2025 13:00,814.6666667,10610.16
10/1/2025 14:00,920.3333333,10459.95
10/1/2025 15:00,775,10167.01
10/1/2025 16:00,860.6666667,9919.89
10/1/2025 17:00,844.3333333,9887.89
10/1/2025 18:00,962.6666667,10196.42
10/1/2025 19:00,903,10643.96
10/1/2025 20:00,768.6666667,10699.01
10/1/2025 21:00,481.6666667,10779.34
10/1/2025 22:00,427,10734.94
10/1/2025 23:00,83,10571.39
11/1/2025 0:00,0.666666667,10378.32
11/1/2025 1:00,16,10236.54
11/1/2025 2:00,44,10246.68
11/1/2025 3:00,82.66666667,10339.82
11/1/2025 4:00,140,10491.94
11/1/2025 5:00,129.3333333,10723.66
11/1/2025 6:00,189.6666667,11021.79
11/1/2025 7:00,452,11463.24
11/1/2025 8:00,452,11850.04
11/1/2025 9:00,787.3333333,11590.4
11/1/2025 10:00,922.6666667,10703.57
11/1/2025 11:00,843.3333333,9722.34
11/1/2025 12:00,942.6666667,8908.36
11/1/2025 13:00,865.6666667,8320.62
11/1/2025 14:00,962.6666667,7844.86
11/1/2025 15:00,824.6666667,7517.84
11/1/2025 16:00,1000,7406.13
11/1/2025 17:00,1000,7518.42
11/1/2025 18:00,1000,7997.57
11/1/2025 19:00,1000,8561.92
11/1/2025 20:00,1000,8771.03
11/1/2025 21:00,1000,8889.01
11/1/2025 22:00,1000,8905.61
11/1/2025 23:00,623.3333333,8759.75
12/1/2025 0:00,427,8584.16
12/1/2025 1:00,481.6666667,8476.7
12/1/2025 2:00,508,8414.82
12/1/2025 3:00,537.6666667,8485.15
12/1/2025 4:00,281.3333333,8610.43
12/1/2025 5:00,158,8793.91
12/1/2025 6:00,16.33333333,9116.24
12/1/2025 7:00,90.66666667,9514.25
12/1/2025 8:00,200.3333333,9882.5
12/1/2025 9:00,140,9693.37
12/1/2025 10:00,260.6666667,9056.72
12/1/2025 11:00,236.3333333,8350.08
12/1/2025 12:00,236.3333333,7820.86
12/1/2025 13:00,54,7405.69
12/1/2025 14:00,257,7131.77
12/1/2025 15:00,649.6666667,7005.59
12/1/2025 16:00,719,7004.89
12/1/2025 17:00,593.6666667,7203.2
12/1/2025 18:00,689.3333333,7623.61
12/1/2025 19:00,359.6666667,8141.09
12/1/2025 20:00,537.6666667,8331.25
12/1/2025 21:00,278.6666667,8357.28
12/1/2025 22:00,321,8239.57
12/1/2025 23:00,233.6666667,7958.42
13-01-2025 00:00:01,0.333333333,7692.44
13-01-2025 01:00:01,0.666666667,7542.69
13-01-2025 02:00:01,16.33333333,7509.73
13-01-2025 03:00:01,8.666666667,7590.43
13-01-2025 04:00:01,1,7719.04
13-01-2025 05:00:01,12.5,8062.89
13-01-2025 06:00:01,8,8625.78
13-01-2025 07:00:01,129.3333333,9557.82
13-01-2025 08:00:01,24,9975.36
13-01-2025 09:00:01,44,9828
13-01-2025 10:00:01,36.33333333,9304.27
13-01-2025 11:00:01,8.666666667,8757.2
13-01-2025 12:00:01,24,8254.82
13-01-2025 13:00:01,24,7904.87
13-01-2025 14:00:02,24,7662.84
13-01-2025 15:00:02,24,7485.15
13-01-2025 16:00:02,100.6666667,7439.62
13-01-2025 17:00:02,328.6666667,7632.28
13-01-2025 18:00:02,204.6666667,8078.93
13-01-2025 19:00:02,257,8715.71
13-01-2025 20:00:02,62.66666667,9092.32
13-01-2025 21:00:02,82.66666667,9188.51
13-01-2025 22:00:02,82.66666667,9106.7
13-01-2025 23:00:02,18,8816.84
14-01-2025 00:00:02,1,8578.07
14-01-2025 01:00:02,0,8449.53
14-01-2025 02:00:02,8.777777777,8456.03
14-01-2025 03:00:02,17.55555555,8525.6
14-01-2025 04:00:02,26.33333333,8694.01
14-01-2025 05:00:02,0.333333333,9039.9
14-01-2025 06:00:02,55,9584.4
14-01-2025 07:00:02,285.6666667,10394.14
14-01-2025 08:00:02,236.3333333,10726.66
14-01-2025 09:00:02,111.3333333,10523.82
14-01-2025 10:00:02,34,9998.28
14-01-2025 11:00:02,129.3333333,9387.55
14-01-2025 12:00:02,27,8988.01
14-01-2025 13:00:02,82.66666667,8653.94
14-01-2025 14:00:02,62.66666667,8356.19
14-01-2025 15:00:02,171.6666667,8182.05
14-01-2025 16:00:02,54,8228.28
14-01-2025 17:00:02,176,8469.9
14-01-2025 18:00:02,341.6666667,8831.27
14-01-2025 19:00:02,129.3333333,9145.2
14-01-2025 20:00:02,119.3333333,9115.3
14-01-2025 21:00:02,0,8966.97
14-01-2025 22:00:02,0,8651.08
14-01-2025 23:00:02,6.25,8155.22
15-01-2025 00:00:02,12.5,7702.55
15-01-2025 01:00:02,0.333333333,7148.09
15-01-2025 02:00:02,8.666666667,7016.41
15-01-2025 03:00:02,24,6938.4
15-01-2025 04:00:02,82.66666667,7010.13
15-01-2025 05:00:02,129.3333333,7223.64
15-01-2025 06:00:02,8.333333333,7667.2
15-01-2025 07:00:02,44,8336.56
15-01-2025 08:00:02,1,8603.41
15-01-2025 09:00:02,0.5,8521.08
15-01-2025 10:00:02,8.416666665,8464.8
15-01-2025 11:00:02,16.33333333,8327.31
15-01-2025 12:00:02,0,8087.2
15-01-2025 13:00:02,1,7843.3
15-01-2025 14:00:02,0.5,7598.29
15-01-2025 15:00:02,8.333333333,7454.33
15-01-2025 16:00:02,4.333333333,7469.04
15-01-2025 17:00:02,0.333333333,7648.35
15-01-2025 18:00:02,8.333333333,8077.42
15-01-2025 19:00:02,0,8577.18
15-01-2025 20:00:02,23.66666667,8725.15
15-01-2025 21:00:02,47.33333333,8735.91
15-01-2025 22:00:02,0,8617.52
15-01-2025 23:00:02,0.125,8286.45
16-01-2025 00:00:02,0.25,7993.14
16-01-2025 01:00:02,0.375,7594.92
16-01-2025 02:00:02,0.5,7557.91
16-01-2025 03:00:02,1,7637.69
16-01-2025 04:00:02,24,7781.6
16-01-2025 05:00:02,111.3333333,8119.38
16-01-2025 06:00:02,111.3333333,8728.17
16-01-2025 07:00:02,82.66666667,9609.79
16-01-2025 08:00:02,82.66666667,10005.62
16-01-2025 09:00:02,140,9589.16
16-01-2025 10:00:02,176,8804.68
16-01-2025 11:00:02,321,8123.51
16-01-2025 12:00:02,194,7643.23
16-01-2025 13:00:02,176,7483.87
16-01-2025 14:00:02,158,7208.95
16-01-2025 15:00:02,140,7100.55
16-01-2025 16:00:02,129.3333333,7100.72
16-01-2025 17:00:02,158,7286.62
16-01-2025 18:00:02,140,7579.96
16-01-2025 19:00:02,204.6666667,8028.86
16-01-2025 20:00:02,260.6666667,8212.01
16-01-2025 21:00:02,119.3333333,8192.07
16-01-2025 22:00:02,200.3333333,8066.49
16-01-2025 23:00:02,65,7734.49
17-01-2025 00:00:02,26.33333333,7337.58
17-01-2025 01:00:02,260.6666667,7103.55
17-01-2025 02:00:02,101.3333333,7002.69
17-01-2025 03:00:02,147.3333333,6965.15
17-01-2025 04:00:02,158,6974.02
17-01-2025 05:00:02,303.6666667,7164.23
17-01-2025 06:00:02,701.6666667,7582.91
17-01-2025 07:00:02,960,8253.84
17-01-2025 08:00:02,960,8563.07
17-01-2025 09:00:02,980,8546.52
17-01-2025 10:00:02,940,8484.95
17-01-2025 11:00:02,942.6666667,8502.96
17-01-2025 12:00:02,962.6666667,8438.05
17-01-2025 13:00:02,962.6666667,8353.75
17-01-2025 14:00:02,1000,8198.94
17-01-2025 15:00:02,1000,8013.73
17-01-2025 16:00:02,1000,7839.55
17-01-2025 17:00:02,1000,7809.88
17-01-2025 18:00:02,1000,7985.11
17-01-2025 19:00:02,1000,8262.42
17-01-2025 20:00:02,1000,8181.14
17-01-2025 21:00:02,1000,8063.4
17-01-2025 22:00:02,1000,7871.01
17-01-2025 23:00:02,1000,7561.58
18-01-2025 00:00:02,1000,7247.63
18-01-2025 01:00:02,864.3333333,6908.01
18-01-2025 02:00:02,962.6666667,6740.81
18-01-2025 03:00:02,960,6677.68
18-01-2025 04:00:02,371,6702.79
18-01-2025 05:00:02,445.3333333,6865.01
18-01-2025 06:00:02,920.3333333,7141.52
18-01-2025 07:00:02,317.3333333,7584.24
18-01-2025 08:00:02,153.6666667,8031.04
18-01-2025 09:00:02,70.5,8163.8
18-01-2025 10:00:02,68,7969.42
18-01-2025 11:00:02,158,7679.42
18-01-2025 12:00:02,243.3333333,7329.94
18-01-2025 13:00:02,119.3333333,7058.03
18-01-2025 14:00:02,371,6859.52
18-01-2025 15:00:02,371,6751.42
18-01-2025 16:00:02,512.6666667,6775.21
18-01-2025 17:00:02,310.6666667,6908.25
18-01-2025 18:00:02,243.3333333,7305.26
18-01-2025 19:00:02,129.3333333,7765.79
18-01-2025 20:00:02,303.6666667,7968.67
18-01-2025 21:00:02,328.6666667,8095.13
18-01-2025 22:00:02,278.6666667,8225.61
18-01-2025 23:00:02,512.6666667,8295.13
19-01-2025 00:00:02,431.6666667,8370.81
19-01-2025 01:00:02,508,8544.1
19-01-2025 02:00:02,903,8876.88
19-01-2025 03:00:02,795,9219.51
19-01-2025 04:00:02,1000,9567.28
19-01-2025 05:00:02,1000,9971.17
19-01-2025 06:00:02,709.3333333,10415.71
19-01-2025 07:00:02,736.3333333,10888.74
19-01-2025 08:00:02,735.3333333,11453.39
19-01-2025 09:00:02,780,11638.93
19-01-2025 10:00:02,512.6666667,11398.83
19-01-2025 11:00:02,260.6666667,10902.23
19-01-2025 12:00:02,136.5833334,10367.88
19-01-2025 13:00:02,12.5,9876.51
19-01-2025 14:00:02,73,9454
19-01-2025 15:00:02,567.3333333,9133.47
19-01-2025 16:00:02,537.6666667,9029.78
19-01-2025 17:00:02,232,9245.4
19-01-2025 18:00:02,80.66666667,9887.66
19-01-2025 19:00:02,26.33333333,10763.53
19-01-2025 20:00:02,18.33333333,11167.99
19-01-2025 21:00:02,153.6666667,11410.32
19-01-2025 22:00:02,55,11527
19-01-2025 23:00:02,129.3333333,11379.43
20-01-2025 00:00:02,16.33333333,11256.52
20-01-2025 01:00:02,12,11228.6
20-01-2025 02:00:02,6.5,11264.14
20-01-2025 03:00:02,1,11380.88
20-01-2025 04:00:02,82.66666667,11583
20-01-2025 05:00:02,196.6666667,11892.93
20-01-2025 06:00:02,303.6666667,12352.01
20-01-2025 07:00:02,232,12913.25
20-01-2025 08:00:02,82.66666667,13305.49
20-01-2025 09:00:02,44,13246.66
20-01-2025 10:00:02,218.3333333,13244.35
20-01-2025 11:00:02,236.3333333,13173.69
20-01-2025 12:00:02,236.3333333,12889.2
20-01-2025 13:00:02,236.3333333,12702.07
20-01-2025 14:00:02,384.6666667,12496.52
20-01-2025 15:00:02,649.6666667,12382.23
20-01-2025 16:00:02,679.3333333,12384.83
20-01-2025 17:00:02,366.6666667,12528.9
20-01-2025 18:00:02,236.3333333,12849.41
20-01-2025 19:00:02,359.6666667,13156.23
20-01-2025 20:00:02,303.6666667,13056.44
20-01-2025 21:00:02,512.6666667,12969.45
20-01-2025 22:00:02,508,12805.43
20-01-2025 23:00:02,623.3333333,12523.31
21-01-2025 00:00:02,427,12284.26
21-01-2025 01:00:02,236.3333333,11178.06
21-01-2025 02:00:02,371,11202.36
21-01-2025 03:00:02,189.6666667,11195.63
21-01-2025 04:00:02,347,11320.02
21-01-2025 05:00:02,427,11537.62
21-01-2025 06:00:02,303.6666667,11847.11
21-01-2025 07:00:02,328.6666667,12267.01
21-01-2025 08:00:02,672,12557.96
21-01-2025 09:00:02,456.6666667,12602.34
21-01-2025 10:00:02,594,12488.76
21-01-2025 11:00:02,371,12080.82
21-01-2025 12:00:02,359.6666667,11484.99
21-01-2025 13:00:02,1,10916.17
21-01-2025 14:00:02,24,10454.11
21-01-2025 15:00:02,27.33333333,10133.05
21-01-2025 16:00:02,30.66666667,9937.84
21-01-2025 17:00:02,34,10033.25
21-01-2025 18:00:02,44,10568.39
21-01-2025 19:00:02,346,11304.33
21-01-2025 20:00:02,452,11566.85
21-01-2025 21:00:02,303.6666667,11613.96
21-01-2025 22:00:02,371,11458
21-01-2025 23:00:03,341.6666667,11152.07
22-01-2025 00:00:03,200.3333333,10872.83
22-01-2025 01:00:03,176,10940.24
22-01-2025 02:00:03,537.6666667,10976.11
22-01-2025 03:00:03,653,11090.03
22-01-2025 04:00:03,709,11282.37
22-01-2025 05:00:03,942.6666667,11599.91
22-01-2025 06:00:03,1000,12110.39
22-01-2025 07:00:03,942.6666667,12809.38
22-01-2025 08:00:03,844.3333333,13089.07
22-01-2025 09:00:03,883,12638.4
22-01-2025 10:00:03,962.6666667,11697.62
22-01-2025 11:00:03,980,10800.9
22-01-2025 12:00:03,1000,10061.02
22-01-2025 13:00:03,1000,9430.16
22-01-2025 14:00:03,962.6666667,8940.5
22-01-2025 15:00:03,940.3333333,8603.8
22-01-2025 16:00:03,414.3333333,8481.65
22-01-2025 17:00:03,236.3333333,8722.94
22-01-2025 18:00:03,512.6666667,9302.94
22-01-2025 19:00:03,371,10041.2
22-01-2025 20:00:03,427,10260.93
22-01-2025 21:00:03,303.6666667,10295.97
22-01-2025 22:00:03,317.3333333,10177.56
22-01-2025 23:00:03,73,9877.12
23-01-2025 00:00:03,1,9632.62
23-01-2025 01:00:03,26.33333333,9830.28
23-01-2025 02:00:03,72.66666667,9905.73
23-01-2025 03:00:03,44,10030.68
23-01-2025 04:00:03,26,10193.93
23-01-2025 05:00:03,24,10487.31
23-01-2025 06:00:03,44,11046.33
23-01-2025 07:00:03,18.66666667,11773.23
23-01-2025 08:00:03,34,12017.59
23-01-2025 09:00:03,129.3333333,11621.29
23-01-2025 10:00:03,111.3333333,10801.42
23-01-2025 11:00:03,54,9902.86
23-01-2025 12:00:03,12.5,9209.36
23-01-2025 13:00:03,140,8675.76
23-01-2025 14:00:03,82.66666667,8251.35
23-01-2025 15:00:03,299.3333333,7956.3
23-01-2025 16:00:03,176,7866.2
23-01-2025 17:00:03,285.6666667,8046.39
23-01-2025 18:00:03,200.3333333,8574.42
23-01-2025 19:00:03,402,9351.02
23-01-2025 20:00:03,299.3333333,9757.2
23-01-2025 21:00:03,260.6666667,9991.06
23-01-2025 22:00:03,300.3333333,9997.12
23-01-2025 23:00:03,100.6666667,9800.66
24-01-2025 00:00:03,26,9639.49
24-01-2025 01:00:03,0,9595.58
24-01-2025 02:00:03,0,9715.66
24-01-2025 03:00:03,0,9908.8
24-01-2025 04:00:03,0.5,10180.38
24-01-2025 05:00:03,26.33333333,10617.7
24-01-2025 06:00:03,158,11273.77
24-01-2025 07:00:03,452,12203.9
24-01-2025 08:00:03,452,12625.29
24-01-2025 09:00:03,564,12019
24-01-2025 10:00:03,593.6666667,10782.29
24-01-2025 11:00:03,537.6666667,9681.23
24-01-2025 12:00:03,709,8876.61
24-01-2025 13:00:03,843.3333333,8293.19
24-01-2025 14:00:03,787.3333333,7881.34
24-01-2025 15:00:03,847,7603.87
24-01-2025 16:00:03,1000,7490.51
24-01-2025 17:00:03,980,7621.51
24-01-2025 18:00:03,1000,8044.19
24-01-2025 19:00:03,980,8658.83
24-01-2025 20:00:03,962.6666667,8956.4
24-01-2025 21:00:03,1000,9096.02
24-01-2025 22:00:03,1000,9209.95
24-01-2025 23:00:03,962.6666667,9100.82
25-01-2025 00:00:03,653,8934.66
25-01-2025 01:00:03,809.6666667,8827.08
25-01-2025 02:00:03,980,8797.6
25-01-2025 03:00:03,1000,8860.27
25-01-2025 04:00:03,1000,8955.87
25-01-2025 05:00:03,1000,9164.67
25-01-2025 06:00:03,1000,9493.08
25-01-2025 07:00:03,1000,9915.2
25-01-2025 08:00:03,940.3333333,10247.52
25-01-2025 09:00:03,980,10203.91
25-01-2025 10:00:03,880.6666667,10055.19
25-01-2025 11:00:03,942.6666667,9830.81
25-01-2025 12:00:03,1000,9453.33
25-01-2025 13:00:03,942.6666667,8956.43
25-01-2025 14:00:03,883,8303.31
25-01-2025 15:00:03,638,7887.2
25-01-2025 16:00:03,880.6666667,7735.36
25-01-2025 17:00:03,757.6666667,7696.17
25-01-2025 18:00:03,701.6666667,7819.21
25-01-2025 19:00:03,483,8018.37
25-01-2025 20:00:03,111.3333333,7951.74
25-01-2025 21:00:03,47.33333333,7811.29
25-01-2025 22:00:03,69,7608.52
25-01-2025 23:00:03,90.66666667,7300.57
26-01-2025 00:00:03,129.6666667,6964.93
26-01-2025 01:00:03,176,6673.31
26-01-2025 02:00:03,218.3333333,6410.79
26-01-2025 03:00:03,34,6262.28
26-01-2025 04:00:03,111.3333333,6164.17
26-01-2025 05:00:03,80.66666667,6177.65
26-01-2025 06:00:03,147.3333333,6245.83
26-01-2025 07:00:03,158,6438.31
26-01-2025 08:00:03,225.3333333,6674.69
26-01-2025 09:00:03,537.6666667,6938
26-01-2025 10:00:03,654.3333333,7201.23
26-01-2025 11:00:03,452,7373.09
26-01-2025 12:00:03,346,7477.38
26-01-2025 13:00:03,236.3333333,7569.47
26-01-2025 14:00:03,218.3333333,7650.41
26-01-2025 15:00:03,218.3333333,7640.35
26-01-2025 16:00:03,129.3333333,7656.86
26-01-2025 17:00:03,73,7820.93
26-01-2025 18:00:03,8.666666667,8114.78
26-01-2025 19:00:03,0.5,8442.86
26-01-2025 20:00:03,1,8515.07
26-01-2025 21:00:03,82.66666667,8399.51
26-01-2025 22:00:03,8.333333333,8221.7
26-01-2025 23:00:03,0,7763.32
27-01-2025 00:00:03,0,7349.76
27-01-2025 01:00:03,16.33333333,7102.76
27-01-2025 02:00:03,24,6965.54
27-01-2025 03:00:03,16.33333333,6942.92
27-01-2025 04:00:03,16.33333333,7032.72
27-01-2025 05:00:03,1,7291.66
27-01-2025 06:00:03,0.666666667,7806.18
27-01-2025 07:00:03,8.333333333,8583.93
27-01-2025 08:00:03,82.66666667,9018.66
27-01-2025 09:00:03,111.3333333,9090.65
27-01-2025 10:00:03,1,9134.65
27-01-2025 11:00:03,8.333333333,9086.46
27-01-2025 12:00:03,34,8943.64
27-01-2025 13:00:03,34,8801.54
27-01-2025 14:00:03,72.66666667,8588.05
27-01-2025 15:00:03,100.6666667,8377.11
27-01-2025 16:00:03,101.3333333,8359.69
27-01-2025 17:00:03,47,8538.72
27-01-2025 18:00:03,0,8867.46
27-01-2025 19:00:03,0,9190.43
27-01-2025 20:00:03,0,9151.71
27-01-2025 21:00:03,0,8935.49
27-01-2025 22:00:03,0,8574.04
27-01-2025 23:00:03,0,8053.2
28-01-2025 00:00:03,0,7582.52
28-01-2025 01:00:03,0.333333333,7281.14
28-01-2025 02:00:03,16,7104.49
28-01-2025 03:00:03,0.666666667,7038.76
28-01-2025 04:00:03,8.666666667,7065.08
28-01-2025 05:00:03,1,7261.32
28-01-2025 06:00:03,26.33333333,7718.51
28-01-2025 07:00:03,1,8432.26
28-01-2025 08:00:03,8.666666667,8734.89
28-01-2025 09:00:03,8.333333333,8760.74
28-01-2025 10:00:03,0.5,8735.4
28-01-2025 11:00:03,0.375,8719.54
28-01-2025 12:00:03,0.25,8669.37
28-01-2025 13:00:03,0.125,8584.18
28-01-2025 14:00:03,0,8495.48
28-01-2025 15:00:03,12,8410.85
28-01-2025 16:00:03,9,8352.51
28-01-2025 17:00:03,6,8467.06
28-01-2025 18:00:03,3,8708.3
28-01-2025 19:00:03,0,8958.73
28-01-2025 20:00:03,0,8895.39
28-01-2025 21:00:03,0,8681.12
28-01-2025 22:00:03,0.666666667,8320.46
28-01-2025 23:00:03,0.666666667,7805.6
29-01-2025 00:00:03,8.333333333,7309.63
29-01-2025 01:00:03,0,6965.56
29-01-2025 02:00:03,0,6758.02
29-01-2025 03:00:03,0.5,6645.3
29-01-2025 04:00:03,0.666666667,6624.46
29-01-2025 05:00:03,16,6765.41
29-01-2025 06:00:03,0.333333333,7144.89
29-01-2025 07:00:03,0.388888889,7729.1
29-01-2025 08:00:03,0.444444444,7989.51
29-01-2025 09:00:03,0.5,8001.39
29-01-2025 10:00:03,0,7981.22
29-01-2025 11:00:03,0.333333333,7928.18
29-01-2025 12:00:03,16.33333333,7890.75
29-01-2025 13:00:03,0,7784.9
29-01-2025 14:00:03,1,7661.05
29-01-2025 15:00:03,0,7587.29
29-01-2025 16:00:03,0.666666667,7553.09
29-01-2025 17:00:03,0,7610.64
29-01-2025 18:00:03,36.33333333,7776.52
29-01-2025 19:00:03,55,7955.83
29-01-2025 20:00:03,26.33333333,7907.79
29-01-2025 21:00:03,36.33333333,7730.53
29-01-2025 22:00:03,54,7422.02
29-01-2025 23:00:03,111.3333333,6988.93
30-01-2025 00:00:03,8.666666667,6533.21
30-01-2025 01:00:03,0,6185.42
30-01-2025 02:00:03,8.333333333,5951.11
30-01-2025 03:00:03,34,5826.6
30-01-2025 04:00:03,65,5791
30-01-2025 05:00:03,83,5893.67
30-01-2025 06:00:03,140,6186.55
30-01-2025 07:00:04,90.66666667,6757.4
30-01-2025 08:00:04,65.33333333,7048.33
30-01-2025 09:00:04,16.33333333,7144.35
30-01-2025 10:00:04,44,7221.73
30-01-2025 11:00:04,34,7215.62
30-01-2025 12:00:04,111.3333333,7078.43
30-01-2025 13:00:04,158,6952.71
30-01-2025 14:00:04,384.6666667,6916.5
30-01-2025 15:00:04,452,6940.75
30-01-2025 16:00:04,512.6666667,6945.01
30-01-2025 17:00:04,942.6666667,7054.97
30-01-2025 18:00:04,1000,7308.9
30-01-2025 19:00:04,1000,7613.4
30-01-2025 20:00:04,1000,7660.79
30-01-2025 21:00:04,1000,7613.58
30-01-2025 22:00:04,1000,7436.82
30-01-2025 23:00:04,1000,7108.51
31-01-2025 00:00:04,620.6666667,6782.89
31-01-2025 01:00:04,593.6666667,6593.26
31-01-2025 02:00:04,649.6666667,6535.99
31-01-2025 03:00:04,843.3333333,6546.51
31-01-2025 04:00:04,824.6666667,6650.46
31-01-2025 05:00:04,431.6666667,6901.04
31-01-2025 06:00:04,427,7434.99
31-01-2025 07:00:04,787.3333333,8208.24
31-01-2025 08:00:04,623.3333333,8624.54
31-01-2025 09:00:04,787.3333333,8335.21
31-01-2025 10:00:04,537.6666667,7888.17
31-01-2025 11:00:04,371,7436.15
31-01-2025 12:00:04,481.6666667,7110.24
31-01-2025 13:00:04,384.6666667,6897
31-01-2025 14:00:04,278.6666667,6772.76
31-01-2025 15:00:04,427,6758.9
31-01-2025 16:00:04,814.6666667,6786.59
31-01-2025 17:00:04,633.3333333,6964.24
31-01-2025 18:00:04,623.3333333,7162.05
31-01-2025 19:00:04,483,7388.56
31-01-2025 20:00:04,384.6666667,7407.56
31-01-2025 21:00:04,321,7329.7
31-01-2025 22:00:04,214.6666667,7250.88
31-01-2025 23:00:04,39,7080.23
1/2/2025 0:00,31.4,6908.32
1/2/2025 1:00,23.8,6760.37
1/2/2025 2:00,16.2,6701.12
1/2/2025 3:00,8.6,6750.68
1/2/2025 4:00,1,6838.23
1/2/2025 5:00,97.5,7011.79
1/2/2025 6:00,194,7393.67
1/2/2025 7:00,303.6666667,7888.11
1/2/2025 8:00,452,8335.97
1/2/2025 9:00,483,8331.75
1/2/2025 10:00,402,7855.7
1/2/2025 11:00,371,7269.34
1/2/2025 12:00,396,6894.97
1/2/2025 13:00,384.6666667,6628.52
1/2/2025 14:00,278.6666667,6562.65
1/2/2025 15:00,321,6567.61
1/2/2025 16:00,768.6666667,6664.97
1/2/2025 17:00,1000,6848.4
1/2/2025 18:00,905.3333333,7038.49
1/2/2025 19:00,925.3333333,7224.36
1/2/2025 20:00,960,7218.55
1/2/2025 21:00,962.6666667,7091.84
1/2/2025 22:00,980,6962.28
1/2/2025 23:00,683,6762
2/2/2025 0:00,303.6666667,6532.9
2/2/2025 1:00,396,6363.27
2/2/2025 2:00,452,6248.53
2/2/2025 3:00,653,6211.46
2/2/2025 4:00,888,6236.63
2/2/2025 5:00,865.6666667,6368.95
2/2/2025 6:00,731.3333333,6583.9
2/2/2025 7:00,888,6907.14
2/2/2025 8:00,922.6666667,7226.65
2/2/2025 9:00,960,7284.12
2/2/2025 10:00,905.3333333,7032.33
2/2/2025 11:00,922.6666667,6737.51
2/2/2025 12:00,865.6666667,6601.43
2/2/2025 13:00,942.6666667,6547.13
2/2/2025 14:00,925.3333333,6600.71
2/2/2025 15:00,780,6743.82
2/2/2025 16:00,903,6968.83
2/2/2025 17:00,843.3333333,7243.04
2/2/2025 18:00,593.6666667,7495.87
2/2/2025 19:00,508,7720.11
2/2/2025 20:00,537.6666667,7732.1
2/2/2025 21:00,679.3333333,7524.75
2/2/2025 22:00,645.6666667,7216.1
2/2/2025 23:00,591,6762.42
3/2/2025 0:00,347,6349.75
3/2/2025 1:00,623.3333333,5957.18
3/2/2025 2:00,679.3333333,5746.18
3/2/2025 3:00,537.6666667,5648.3
3/2/2025 4:00,593.6666667,5632.39
3/2/2025 5:00,623.3333333,5769.83
3/2/2025 6:00,508,6107.34
3/2/2025 7:00,821,6697.02
3/2/2025 8:00,512.6666667,7035.7
3/2/2025 9:00,396,7096.6
3/2/2025 10:00,623.3333333,7089.14
3/2/2025 11:00,865.6666667,7033.27
3/2/2025 12:00,653,7088.23
3/2/2025 13:00,787.3333333,7254.5
3/2/2025 14:00,731.3333333,7483.23
3/2/2025 15:00,905.3333333,7795.72
3/2/2025 16:00,787.3333333,8123.13
3/2/2025 17:00,623.3333333,8435.2
3/2/2025 18:00,481.6666667,8638.71
3/2/2025 19:00,328.6666667,8766.63
3/2/2025 20:00,328.6666667,8683.81
3/2/2025 21:00,396,8427.36
3/2/2025 22:00,402,8052.86
3/2/2025 23:00,90.66666667,7478.74
4/2/2025 0:00,100.6666667,6905.09
4/2/2025 1:00,176,6426.38
4/2/2025 2:00,371,6133.27
4/2/2025 3:00,371,5948.06
4/2/2025 4:00,427,5854.43
4/2/2025 5:00,564,5906.09
4/2/2025 6:00,623.3333333,6187.51
4/2/2025 7:00,623.3333333,6721.26
4/2/2025 8:00,452,7032.24
4/2/2025 9:00,384.6666667,7131.9
4/2/2025 10:00,132.6666667,7246.51
4/2/2025 11:00,218.3333333,7278.06
4/2/2025 12:00,34,7428.69
4/2/2025 13:00,176,7683.86
4/2/2025 14:00,278.6666667,7978.61
4/2/2025 15:00,384.6666667,8295.96
4/2/2025 16:00,452,8523.8
4/2/2025 17:00,371,8716.28
4/2/2025 18:00,321,8791.14
4/2/2025 19:00,236.3333333,8836.84
4/2/2025 20:00,278.6666667,8737.07
4/2/2025 21:00,310.6666667,8459.49
4/2/2025 22:00,483,8050.81
4/2/2025 23:00,346,7479.87
5/2/2025 0:00,371,6898.92
5/2/2025 1:00,384.6666667,6475.95
5/2/2025 2:00,171.6666667,6229.65
5/2/2025 3:00,24,6035.02
5/2/2025 4:00,8,5942.27
5/2/2025 5:00,82.66666667,6013.84
5/2/2025 6:00,44,6267.48
5/2/2025 7:00,16.33333333,6776.49
5/2/2025 8:00,0.333333333,7069.38
5/2/2025 9:00,0.666666667,7175.6
5/2/2025 10:00,12,7300.26
5/2/2025 11:00,26,7420.97
5/2/2025 12:00,0,7526.37
5/2/2025 13:00,12.5,7620.52
5/2/2025 14:00,0,7640.27
5/2/2025 15:00,54,7629.76
5/2/2025 16:00,920.3333333,7696.25
5/2/2025 17:00,1000,7898.6
5/2/2025 18:00,1000,8159.09
5/2/2025 19:00,940.3333333,8376.22
5/2/2025 20:00,804.6666667,8358.14
5/2/2025 21:00,847,8213.64
5/2/2025 22:00,905.3333333,7932.78
5/2/2025 23:00,757.6666667,7436.04
6/2/2025 0:00,427,6875.28
6/2/2025 1:00,147.3333333,6438.07
6/2/2025 2:00,176,6113.99
6/2/2025 3:00,481.6666667,5937.26
6/2/2025 4:00,593.6666667,5892.14
6/2/2025 5:00,787.3333333,5965.53
6/2/2025 6:00,843.3333333,6221.88
6/2/2025 7:00,865.6666667,6799.07
6/2/2025 8:00,731.3333333,7068.14
6/2/2025 9:00,905.3333333,7191.83
6/2/2025 10:00,905.3333333,7292.48
6/2/2025 11:00,905.3333333,7417.82
6/2/2025 12:00,787.3333333,7451.37
6/2/2025 13:00,470.3333333,7536.34
6/2/2025 14:00,260.6666667,7777.92
6/2/2025 15:00,537.6666667,8068.14
6/2/2025 16:00,492.6666667,8513.29
6/2/2025 17:00,225.3333333,8851.92
6/2/2025 18:00,0.333333333,8998.44
6/2/2025 19:00,0.5,8911.72
6/2/2025 20:00,0.5,8826.45
6/2/2025 21:00,0.75,8542.35
6/2/2025 22:00,1,8172
6/2/2025 23:00,0,7636.86
7/2/2025 0:00,196.6666667,7060.47
7/2/2025 1:00,303.6666667,6632.57
7/2/2025 2:00,82.66666667,6349.64
7/2/2025 3:00,129.3333333,6187.62
7/2/2025 4:00,82.66666667,6122.3
7/2/2025 5:00,55,6188.44
7/2/2025 6:00,18.66666667,6424.44
7/2/2025 7:00,0,6952.15
7/2/2025 8:00,0,7241.65
7/2/2025 9:00,0,7321.15
7/2/2025 10:00,0,7433.71
7/2/2025 11:00,0,7593.89
7/2/2025 12:00,0.333333333,7649.52
7/2/2025 13:00,0,7728
7/2/2025 14:00,0,7848.03
7/2/2025 15:00,0,8129.49
7/2/2025 16:00,0,8393.56
7/2/2025 17:00,196.6666667,8718.89
7/2/2025 18:00,452,8850.89
7/2/2025 19:00,701.6666667,8731.44
7/2/2025 20:00,694,8503.01
7/2/2025 21:00,860.6666667,8244.51
7/2/2025 22:00,804.6666667,7987.51
7/2/2025 23:00,470.3333333,7633.98
8/2/2025 0:00,200.3333333,7196.05
8/2/2025 1:00,194,6822.67
8/2/2025 2:00,346,6525.74
8/2/2025 3:00,679.3333333,6312.23
8/2/2025 4:00,1000,6124.07
8/2/2025 5:00,960,6028.74
8/2/2025 6:00,1000,6085.24
8/2/2025 7:00,980,6230.25
8/2/2025 8:00,860.6666667,6429.52
8/2/2025 9:00,883,6732.05
8/2/2025 10:00,903,7057.7
8/2/2025 11:00,980,7302.85
8/2/2025 12:00,922.6666667,7595.22
8/2/2025 13:00,865.6666667,8020.16
8/2/2025 14:00,865.6666667,8474.67
8/2/2025 15:00,962.6666667,8895.92
8/2/2025 16:00,795,9286.65
8/2/2025 17:00,780,9507.05
8/2/2025 18:00,452.3333333,9468.32
8/2/2025 19:00,798.6666667,9180.87
8/2/2025 20:00,962.6666667,8824.27
8/2/2025 21:00,980,8485.8
8/2/2025 22:00,980,8102.43
8/2/2025 23:00,847,7708.67
9/2/2025 0:00,922.6666667,7139.65
9/2/2025 1:00,593.6666667,6662.08
9/2/2025 2:00,278.6666667,6304.98
9/2/2025 3:00,218.3333333,6039.5
9/2/2025 4:00,218.3333333,5860.6
9/2/2025 5:00,232,5779.54
9/2/2025 6:00,44,5778.57
9/2/2025 7:00,111.3333333,5889.34
9/2/2025 8:00,82.66666667,6066.58
9/2/2025 9:00,176,6340.76
9/2/2025 10:00,158,6678.86
9/2/2025 11:00,129.3333333,6883.56
9/2/2025 12:00,196.6666667,6986.9
9/2/2025 13:00,236.3333333,7001.72
9/2/2025 14:00,346,6996.19
9/2/2025 15:00,427,6992.13
9/2/2025 16:00,129.3333333,7037.12
9/2/2025 17:00,161.6666667,7177.15
9/2/2025 18:00,218.3333333,7272.08
9/2/2025 19:00,236.3333333,7282.47
9/2/2025 20:00,285.6666667,7200.64
9/2/2025 21:00,158,7125.19
9/2/2025 22:00,158,7020.08
9/2/2025 23:00,260.6666667,6792.71
10/2/2025 0:00,158,6328.09
10/2/2025 1:00,194,6015.2
10/2/2025 2:00,158,5840.73
10/2/2025 3:00,111.3333333,5765.19
10/2/2025 4:00,196.6666667,5798.17
10/2/2025 5:00,371,5969.94
10/2/2025 6:00,176,6347.09
10/2/2025 7:00,129.3333333,7066.62
10/2/2025 8:00,189.6666667,7508.54
10/2/2025 9:00,72.66666667,7693.07
10/2/2025 10:00,111.3333333,7813.81
10/2/2025 11:00,82.66666667,7904.24
10/2/2025 12:00,111.3333333,7910.6
10/2/2025 13:00,100.6666667,7889.8
10/2/2025 14:00,36.33333333,7850.63
10/2/2025 15:00,26.33333333,7790.72
10/2/2025 16:00,26.33333333,7817.61
10/2/2025 17:00,1,7965.63
10/2/2025 18:00,8.333333333,8233.25
10/2/2025 19:00,36.33333333,8528.36
10/2/2025 20:00,0,8561.91
10/2/2025 21:00,1,8352.61
10/2/2025 22:00,1,8018.96
10/2/2025 23:00,1,7498.67
11/2/2025 0:00,24,7016.74
11/2/2025 1:00,47,6687.74
11/2/2025 2:00,70,6483.53
11/2/2025 3:00,80.66666667,6357.34
11/2/2025 4:00,65,6357.73
11/2/2025 5:00,82.66666667,6510.35
11/2/2025 6:00,54.66666667,6858.03
11/2/2025 7:00,214,7489.2
11/2/2025 8:00,46.66666667,7800.54
11/2/2025 9:00,18.33333333,7828.89
11/2/2025 10:00,65,7870.42
11/2/2025 11:00,243.3333333,7905.78
11/2/2025 12:00,194,7932.85
11/2/2025 13:00,115.3333333,7975.34
11/2/2025 14:00,158,7963.86
11/2/2025 15:00,218.3333333,7920.56
11/2/2025 16:00,278.6666667,7941.96
11/2/2025 17:00,236.3333333,8109.08
11/2/2025 18:00,366.6666667,8382.91
11/2/2025 19:00,427,8705.22
11/2/2025 20:00,303.6666667,8735.47
11/2/2025 21:00,384.6666667,8616.94
11/2/2025 22:00,402,8309.7
11/2/2025 23:00,679.3333333,7855.13
12/2/2025 0:00,481.6666667,7423.89
12/2/2025 1:00,508.3333333,7080.1
12/2/2025 2:00,427,6898.5
12/2/2025 3:00,568.6666667,6788.16
12/2/2025 4:00,179.6666667,6771.87
12/2/2025 5:00,119.3333333,6906.51
12/2/2025 6:00,119.3333333,7293.11
12/2/2025 7:00,294,7911.24
12/2/2025 8:00,147.25,8184.21
12/2/2025 9:00,0.5,8186.18
12/2/2025 10:00,27.75,8149.03
12/2/2025 11:00,55,8024.95
12/2/2025 12:00,24,7809.55
12/2/2025 13:00,12,7612.86
12/2/2025 14:00,100.6666667,7530.14
12/2/2025 15:00,303.6666667,7492.96
12/2/2025 16:00,129.3333333,7516
12/2/2025 17:00,147.3333333,7733.82
12/2/2025 18:00,200.3333333,8073.82
12/2/2025 19:00,317.3333333,8590.43
12/2/2025 20:00,252.6666667,8870.81
12/2/2025 21:00,321,8931.68
12/2/2025 22:00,239.3333333,8815.68
12/2/2025 23:00,227.3666666,8526.28
13-02-2025 00:00:05,215.4,8247.73
13-02-2025 01:00:05,203.4333333,8073.6
13-02-2025 02:00:05,191.4666666,8040.37
13-02-2025 03:00:05,179.5,8161.22
13-02-2025 04:00:05,167.5333333,8345.06
13-02-2025 05:00:05,155.5666666,8726.42
13-02-2025 06:00:05,143.6,9391.11
13-02-2025 07:00:05,131.6333333,10365.15
13-02-2025 08:00:05,119.6666667,10871.01
13-02-2025 09:00:05,107.7,10910.35
13-02-2025 10:00:05,95.73333332,10755.46
13-02-2025 11:00:05,83.76666666,10490.23
13-02-2025 12:00:05,71.79999999,10070.24
13-02-2025 13:00:05,59.83333332,9666.87
13-02-2025 14:00:05,47.86666666,9456.92
13-02-2025 15:00:05,35.9,9197.71
13-02-2025 16:00:05,23.93333333,9087.31
13-02-2025 17:00:05,11.96666666,9247.88
13-02-2025 18:00:05,0,9658.46
13-02-2025 19:00:05,0.333333333,10118.25
13-02-2025 20:00:05,16,10265.83
13-02-2025 21:00:05,0.333333333,10203.51
13-02-2025 22:00:05,0.333333333,9979.04
13-02-2025 23:00:05,8.666666667,9536.22
14-02-2025 00:00:05,34,9151.66
14-02-2025 01:00:05,16.33333333,8928.82
14-02-2025 02:00:05,0.666666667,8842.33
14-02-2025 03:00:05,0,8838.73
14-02-2025 04:00:05,0.5,8838.21
14-02-2025 05:00:05,26.33333333,9025.45
14-02-2025 06:00:05,16.33333333,9499.95
14-02-2025 07:00:05,82.66666667,10219.79
14-02-2025 08:00:05,26.33333333,10471.53
14-02-2025 09:00:05,82.66666667,10358.84
14-02-2025 10:00:05,16,10185.9
14-02-2025 11:00:05,196.6666667,9934.42
14-02-2025 12:00:05,129.3333333,9628.82
14-02-2025 13:00:05,321,9300.19
14-02-2025 14:00:05,260.6666667,9126.43
14-02-2025 15:00:05,452,8920.23
14-02-2025 16:00:05,508,8763.27
14-02-2025 17:00:05,775,8799.14
14-02-2025 18:00:05,980,8978.38
14-02-2025 19:00:05,1000,9158.56
14-02-2025 20:00:05,1000,9083.66
14-02-2025 21:00:05,1000,8886.64
14-02-2025 22:00:05,942.6666667,8659.2
14-02-2025 23:00:05,854.6666667,8280.78
15-02-2025 00:00:05,905.3333333,7886.6
15-02-2025 01:00:05,962.6666667,7547.24
15-02-2025 02:00:05,940.3333333,7296.31
15-02-2025 03:00:05,709,7141.45
15-02-2025 04:00:05,787.3333333,7082.5
15-02-2025 05:00:05,920.3333333,7105.54
15-02-2025 06:00:05,817.3333333,7221.72
15-02-2025 07:00:05,735.3333333,7459.54
15-02-2025 08:00:05,649.6666667,7697.1
15-02-2025 09:00:05,512.6666667,7912.92
15-02-2025 10:00:05,649.6666667,8014.98
15-02-2025 11:00:05,257.5,8005.22
15-02-2025 12:00:05,427,7897.09
15-02-2025 13:00:05,537.6666667,7536.27
15-02-2025 14:00:05,396,6986.02
15-02-2025 15:00:05,672,6731.72
15-02-2025 16:00:05,512.6666667,6716.73
15-02-2025 17:00:05,653.3333333,6802.75
15-02-2025 18:00:05,1000,6983.21
15-02-2025 19:00:05,980,7223.82
15-02-2025 20:00:05,1000,7283.18
15-02-2025 21:00:05,1000,7188.46
15-02-2025 22:00:05,1000,7048.07
15-02-2025 23:00:06,942.6666667,6861.09
16-02-2025 00:00:06,663,6670.99
16-02-2025 01:00:06,537.6666667,6515.29
16-02-2025 02:00:06,236.3333333,6461.93
16-02-2025 03:00:06,371,6536.67
16-02-2025 04:00:06,200.3333333,6722.85
16-02-2025 05:00:06,310.6666667,7021.71
16-02-2025 06:00:06,261.3333333,7491.73
16-02-2025 07:00:06,261.3333333,8104.07
16-02-2025 08:00:06,456.6666667,8717.23
16-02-2025 09:00:06,456.6666667,8970.44
16-02-2025 10:00:06,261.3333333,8875.98
16-02-2025 11:00:06,346,8544.4
16-02-2025 12:00:06,218.3333333,8140.03
16-02-2025 13:00:06,218.3333333,7759.83
16-02-2025 14:00:06,371,7410.03
16-02-2025 15:00:06,427,7161.32
16-02-2025 16:00:06,260.6666667,7038.75
16-02-2025 17:00:06,158,7187.91
16-02-2025 18:00:06,232,7537.18
16-02-2025 19:00:06,64.66666667,8155.04
16-02-2025 20:00:06,16,8517.82
16-02-2025 21:00:06,12,8632.31
16-02-2025 22:00:06,83,8621.88
16-02-2025 23:00:06,200.3333333,8459.85
17-02-2025 00:00:06,119.3333333,8259.29
17-02-2025 01:00:06,1,8190.13
17-02-2025 02:00:06,16.33333333,8199.45
17-02-2025 03:00:06,8.666666667,8321.75
17-02-2025 04:00:06,1,8506.52
17-02-2025 05:00:06,0.666666667,8871.18
17-02-2025 06:00:06,1,9455.27
17-02-2025 07:00:06,186.1666667,10183.67
17-02-2025 08:00:06,371.3333333,10577.24
17-02-2025 09:00:06,709,10170.18
17-02-2025 10:00:06,623.3333333,9523.29
17-02-2025 11:00:06,843.3333333,9018.24
17-02-2025 12:00:06,701.6666667,8504.12
17-02-2025 13:00:06,844.3333333,8009.76
17-02-2025 14:00:06,962.6666667,7600.07
17-02-2025 15:00:06,962.6666667,7355.12
17-02-2025 16:00:06,980,7358.5
17-02-2025 17:00:06,942.6666667,7451.13
17-02-2025 18:00:06,797.3333333,7666.12
17-02-2025 19:00:06,824.6666667,8098.86
17-02-2025 20:00:06,787.3333333,8257.63
17-02-2025 21:00:06,864.3333333,8121.76
17-02-2025 22:00:06,804.6666667,7856.08
17-02-2025 23:00:06,847,7399.19
18-02-2025 00:00:06,236.3333333,6952.02
18-02-2025 01:00:06,346,6641.04
18-02-2025 02:00:06,556,6451.57
18-02-2025 03:00:06,960,6334.64
18-02-2025 04:00:06,1000,6308.77
18-02-2025 05:00:06,1000,6469.65
18-02-2025 06:00:06,942.6666667,6878.83
18-02-2025 07:00:06,623.3333333,7524.22
18-02-2025 08:00:06,942.6666667,7739.86
18-02-2025 09:00:06,1000,7770.28
18-02-2025 10:00:06,119.3333333,7667.57
18-02-2025 11:00:06,324.6666667,7546.1
18-02-2025 12:00:06,568.6666667,7566.43
18-02-2025 13:00:06,1000,7559.13
18-02-2025 14:00:06,940.3333333,7507.06
18-02-2025 15:00:06,814.6666667,7515.46
18-02-2025 16:00:06,809.6666667,7538.29
18-02-2025 17:00:06,679.3333333,7670.23
18-02-2025 18:00:06,883,8049.8
18-02-2025 19:00:06,787.3333333,8692.16
18-02-2025 20:00:06,709,9180.01
18-02-2025 21:00:06,787.3333333,9593.65
18-02-2025 22:00:06,827,9872.63
18-02-2025 23:00:06,537.6666667,10034.74
19-02-2025 00:00:06,804.6666667,10134.34
19-02-2025 01:00:06,787.3333333,10360.92
19-02-2025 02:00:06,854.6666667,10704.37
19-02-2025 03:00:06,843.3333333,10990.97
19-02-2025 04:00:06,804.6666667,11319.9
19-02-2025 05:00:06,616,11733.43
19-02-2025 06:00:06,731.3333333,12472.93
19-02-2025 07:00:06,920.3333333,13489.04
19-02-2025 08:00:06,854.6666667,14059.74
19-02-2025 09:00:06,854.6666667,14221.22
19-02-2025 10:00:06,942.6666667,14132.66
19-02-2025 11:00:06,903,13925.34
19-02-2025 12:00:06,920.3333333,13583.92
19-02-2025 13:00:06,724,13195.65
19-02-2025 14:00:06,865.6666667,12788.56
19-02-2025 15:00:06,731.3333333,12374.33
19-02-2025 16:00:06,526.3333333,12134.46
19-02-2025 17:00:06,809.6666667,12248.81
19-02-2025 18:00:06,440.6666667,12745.6
19-02-2025 19:00:06,537.6666667,13448.84
19-02-2025 20:00:06,483,13787.53
19-02-2025 21:00:06,346,13739.91
19-02-2025 22:00:06,218.3333333,13457.77
19-02-2025 23:00:06,278.6666667,12956.35
20-02-2025 00:00:06,176,12569.88
20-02-2025 01:00:06,194,12302.12
20-02-2025 02:00:06,111.3333333,12304.41
20-02-2025 03:00:06,111.3333333,12412.16
20-02-2025 04:00:06,218.3333333,12669.7
20-02-2025 05:00:06,236.3333333,13072.51
20-02-2025 06:00:06,189.6666667,13698.72
20-02-2025 07:00:06,236.3333333,14524.81
20-02-2025 08:00:06,257,14799.33
20-02-2025 09:00:06,456.6666667,14395.13
20-02-2025 10:00:06,512.6666667,13747.43
20-02-2025 11:00:06,359.6666667,13145.36
20-02-2025 12:00:06,452,12586.38
20-02-2025 13:00:06,483,12070.93
20-02-2025 14:00:06,371,11665.49
20-02-2025 15:00:06,512.6666667,11405.29
20-02-2025 16:00:06,567.3333333,11407.68
20-02-2025 17:00:06,260.6666667,11677.98
20-02-2025 18:00:06,303.6666667,12115.76
20-02-2025 19:00:06,317.3333333,12544.08
20-02-2025 20:00:06,278.6666667,12642.12
20-02-2025 21:00:06,278.6666667,12548.6
20-02-2025 22:00:06,101.3333333,12244.4
20-02-2025 23:00:06,140,11784.2
21-02-2025 00:00:06,218.3333333,11393.41
21-02-2025 01:00:06,176,11115.64
21-02-2025 02:00:06,278.6666667,10958.78
21-02-2025 03:00:06,218.3333333,10984.63
21-02-2025 04:00:06,200.3333333,11066.72
21-02-2025 05:00:06,261.3333333,11284.32
21-02-2025 06:00:06,129.3333333,11760.67
21-02-2025 07:00:06,129.3333333,12469.34
21-02-2025 08:00:06,176,12716.41
21-02-2025 09:00:06,100.6666667,12662.01
21-02-2025 10:00:06,147.3333333,12526.47
21-02-2025 11:00:06,194,12261.09
21-02-2025 12:00:06,72.66666667,11901.37
21-02-2025 13:00:06,0,11676.76
21-02-2025 14:00:06,55,11385.2
21-02-2025 15:00:06,34,11107.02
21-02-2025 16:00:06,0.333333333,11016.95
21-02-2025 17:00:06,12,11200.13
21-02-2025 18:00:06,8.333333333,11462.63
21-02-2025 19:00:06,12.5,11763.55
21-02-2025 20:00:06,27.5,11829.97
21-02-2025 21:00:06,17.75,11734.32
21-02-2025 22:00:06,8,11500.6
21-02-2025 23:00:06,0.5,11148.5
22-02-2025 00:00:06,34,10886.95
22-02-2025 01:00:06,34,10703.82
22-02-2025 02:00:06,0,10624.85
22-02-2025 03:00:06,0,10608.79
22-02-2025 04:00:06,0,10669.2
22-02-2025 05:00:06,0,10774.07
22-02-2025 06:00:06,16,11026
22-02-2025 07:00:06,36.33333333,11419.91
22-02-2025 08:00:06,62.66666667,11806.61
22-02-2025 09:00:06,44,12028.35
22-02-2025 10:00:06,1,12004.74
22-02-2025 11:00:06,16,11687.72
22-02-2025 12:00:06,65,11228.79
22-02-2025 13:00:06,36.33333333,10841.99
22-02-2025 14:00:06,82.66666667,10519.86
22-02-2025 15:00:06,147.3333333,10327.54
22-02-2025 16:00:06,98.55555553,10178.51
22-02-2025 17:00:06,49.77777777,10162.39
22-02-2025 18:00:06,1,10239.04
22-02-2025 19:00:06,0,10386.06
22-02-2025 20:00:06,1,10369.6
22-02-2025 21:00:06,12,10201.74
22-02-2025 22:00:06,8.333333333,9944.3
22-02-2025 23:00:06,16.33333333,9573.8
23-02-2025 00:00:06,1,9222.77
23-02-2025 01:00:06,0.666666667,8895.51
23-02-2025 02:00:06,16.33333333,8672.47
23-02-2025 03:00:06,8,8526.59
23-02-2025 04:00:06,16,8436.26
23-02-2025 05:00:06,34,8456.13
23-02-2025 06:00:06,82.66666667,8573.75
23-02-2025 07:00:06,82.66666667,8860.6
23-02-2025 08:00:06,225.3333333,9104.45
23-02-2025 09:00:06,371,9012.12
23-02-2025 10:00:06,303.6666667,8647.56
23-02-2025 11:00:06,243.3333333,8181.13
23-02-2025 12:00:06,593.6666667,7773.53
23-02-2025 13:00:06,593.6666667,7445.83
23-02-2025 14:00:06,243.3333333,7090.6
23-02-2025 15:00:06,384.6666667,6846.62
23-02-2025 16:00:06,366.6666667,6786.67
23-02-2025 17:00:06,186.6666667,6938.08
23-02-2025 18:00:06,34,7219.51
23-02-2025 19:00:06,115,7654.38
23-02-2025 20:00:06,119.3333333,7943.72
23-02-2025 21:00:06,129.3333333,7937.29
23-02-2025 22:00:06,65,7793.54
23-02-2025 23:00:06,8.666666667,7472.01
24-02-2025 00:00:06,0,7171.74
24-02-2025 01:00:06,8.333333333,7006.95
24-02-2025 02:00:06,1,6957.33
24-02-2025 03:00:06,20.2,7068.65
24-02-2025 04:00:06,39.4,7233.3
24-02-2025 05:00:06,58.6,7580.06
24-02-2025 06:00:06,77.8,8203.34
24-02-2025 07:00:07,97,9071.67
24-02-2025 08:00:07,140,9356.64
24-02-2025 09:00:07,236.3333333,8800.32
24-02-2025 10:00:07,427,8117.15
24-02-2025 11:00:07,371,7557.99
24-02-2025 12:00:07,303.6666667,7192.18
24-02-2025 13:00:07,537.6666667,6968.4
24-02-2025 14:00:07,303.6666667,6862.31
24-02-2025 15:00:07,341.6666667,6871.03
24-02-2025 16:00:07,512.6666667,6992.45
24-02-2025 17:00:07,701.6666667,7186.62
24-02-2025 18:00:07,623.3333333,7472.24
24-02-2025 19:00:07,427,7769.28
24-02-2025 20:00:07,719,7893.2
24-02-2025 21:00:07,701.6666667,7716.31
24-02-2025 22:00:07,346,7416.48
24-02-2025 23:00:07,414.3333333,6941.73
25-02-2025 00:00:07,80.66666667,6506.7
25-02-2025 01:00:07,44,6206.25
25-02-2025 02:00:07,24,6078.69
25-02-2025 03:00:07,1,6085.43
25-02-2025 04:00:07,158,6178.19
25-02-2025 05:00:07,189.6666667,6422.55
25-02-2025 06:00:07,140,6932.61
25-02-2025 07:00:07,371,7700.09
25-02-2025 08:00:07,402,7965.8
25-02-2025 09:00:07,346,7811.7
25-02-2025 10:00:07,452,7502.6
25-02-2025 11:00:07,115.3333333,7123.51
25-02-2025 12:00:07,0,6817.24
25-02-2025 13:00:07,0,6752.62
25-02-2025 14:00:07,0,6792.55
25-02-2025 15:00:07,0,6906.23
25-02-2025 16:00:07,0,7102.75
25-02-2025 17:00:07,0,7369.87
25-02-2025 18:00:07,70,7594.61
25-02-2025 19:00:07,140,7819.01
25-02-2025 20:00:07,158,7896.35
25-02-2025 21:00:07,204.6666667,7689.13
25-02-2025 22:00:07,26.33333333,7422.26
25-02-2025 23:00:07,129.3333333,6935.33
26-02-2025 00:00:07,8.666666667,6446.48
26-02-2025 01:00:07,54,6088.33
26-02-2025 02:00:07,44,5877.88
26-02-2025 03:00:07,111.3333333,5770.65
26-02-2025 04:00:07,196.6666667,5752.92
26-02-2025 05:00:07,593.6666667,5874.76
26-02-2025 06:00:07,537.6666667,6204.88
26-02-2025 07:00:07,537.6666667,6793.74
26-02-2025 08:00:07,452,7042.73
26-02-2025 09:00:07,508,7007
26-02-2025 10:00:07,653,6898.7
26-02-2025 11:00:07,384.6666667,6819.37
26-02-2025 12:00:07,542.3333333,6827.96
26-02-2025 13:00:07,508,6963.1
26-02-2025 14:00:07,176,7158.05
26-02-2025 15:00:07,537.6666667,7385.67
26-02-2025 16:00:07,679.3333333,7676.29
26-02-2025 17:00:07,709.3333333,7976.96
26-02-2025 18:00:07,787.3333333,8168.43
26-02-2025 19:00:07,903,8253.74
26-02-2025 20:00:07,638,8265.71
26-02-2025 21:00:07,701.6666667,8035.95
26-02-2025 22:00:07,942.6666667,7694.02
26-02-2025 23:00:07,765,7173.92
27-02-2025 00:00:07,765,6639.38
27-02-2025 01:00:07,508,6182.16
27-02-2025 02:00:07,787.3333333,5915.17
27-02-2025 03:00:07,900.3333333,5737.79
27-02-2025 04:00:07,593.6666667,5679.06
27-02-2025 05:00:07,537.6666667,5765.44
27-02-2025 06:00:07,218.3333333,6073.63
27-02-2025 07:00:07,65,6685.13
27-02-2025 08:00:07,129.3333333,6981.59
27-02-2025 09:00:07,8.333333333,7055.02
27-02-2025 10:00:07,137.3333333,7102.6
27-02-2025 11:00:07,176,7139.67
27-02-2025 12:00:07,176,7066.55
27-02-2025 13:00:07,321,7030.86
27-02-2025 14:00:07,328.6666667,6962.17
27-02-2025 15:00:07,346,7010.34
27-02-2025 16:00:07,548.6666667,6976.06
27-02-2025 17:00:07,804.6666667,7055.2
27-02-2025 18:00:07,735.3333333,7252.59
27-02-2025 19:00:07,371.3333333,7509.43
27-02-2025 20:00:07,176,7670.65
27-02-2025 21:00:07,189.6666667,7581.06
27-02-2025 22:00:07,72.66666667,7344.29
27-02-2025 23:00:07,16.33333333,6958.28
28-02-2025 00:00:07,0.333333333,6548.96
28-02-2025 01:00:07,0,6240.03
28-02-2025 02:00:07,4.8,6090.11
28-02-2025 03:00:07,9.6,6033.87
28-02-2025 04:00:07,14.4,6068.48
28-02-2025 05:00:07,19.2,6268.26
28-02-2025 06:00:07,24,6727.57
28-02-2025 07:00:07,82.66666667,7463.05
28-02-2025 08:00:07,111.3333333,7743.15
28-02-2025 09:00:07,111.3333333,7474.55
28-02-2025 10:00:07,346,7182.8
28-02-2025 11:00:07,218.3333333,6911.62
28-02-2025 12:00:07,194,6741.13
28-02-2025 13:00:07,321,6698.48
28-02-2025 14:00:07,111.3333333,6778.03
28-02-2025 15:00:07,54,6919.44
28-02-2025 16:00:07,236.3333333,7119.08
28-02-2025 17:00:07,346,7350.3
28-02-2025 18:00:07,384.6666667,7539.49
28-02-2025 19:00:07,320,7541
28-02-2025 20:00:07,483,7510.98
28-02-2025 21:00:07,123,7342.85
28-02-2025 22:00:07,93.33333333,7103.41
28-02-2025 23:00:07,36.33333333,6761.65
1/3/2025 0:00,0.666666667,6388.2
1/3/2025 1:00,0.333333334,6066.4
1/3/2025 2:00,0,5850.22
1/3/2025 3:00,46.66666667,5726.19
1/3/2025 4:00,0,5671.73
1/3/2025 5:00,24,5702.53
1/3/2025 6:00,44,5843.71
1/3/2025 7:00,82.66666667,6171.35
1/3/2025 8:00,218.3333333,6325.11
1/3/2025 9:00,236.3333333,6428.6
1/3/2025 10:00,158,6410.83
1/3/2025 11:00,236.3333333,6473.53
1/3/2025 12:00,82,6654.44
1/3/2025 13:00,0.5,6878.32
1/3/2025 14:00,0,7091.05
1/3/2025 15:00,0,7412.37
1/3/2025 16:00,0,7762.2
1/3/2025 17:00,0,8027.79
1/3/2025 18:00,0,8114.87
1/3/2025 19:00,160.5,7944.1
1/3/2025 20:00,70.5,7828.5
1/3/2025 21:00,54,7593.13
1/3/2025 22:00,0,7295.91
1/3/2025 23:00,0,6944.17
2/3/2025 0:00,0,6542.52
2/3/2025 1:00,0.333333333,6171.37
2/3/2025 2:00,24,5881.14
2/3/2025 3:00,16.33333333,5687.54
2/3/2025 4:00,44,5560.24
2/3/2025 5:00,82.66666667,5528.23
2/3/2025 6:00,218.3333333,5559.22
2/3/2025 7:00,214.6666667,5714.06
2/3/2025 8:00,452,5912.1
2/3/2025 9:00,414.3333333,6175.67
2/3/2025 10:00,452,6414.39
2/3/2025 11:00,371,6545.77
2/3/2025 12:00,672,6721.97
2/3/2025 13:00,905.3333333,6915.7
2/3/2025 14:00,1000,7188.6
2/3/2025 15:00,1000,7442.54
2/3/2025 16:00,1000,7737.52
2/3/2025 17:00,1000,7967.62
2/3/2025 18:00,1000,8115.05
2/3/2025 19:00,1000,8163.59
2/3/2025 20:00,1000,8233.34
2/3/2025 21:00,1000,8018.45
2/3/2025 22:00,1000,7699.23
2/3/2025 23:00,920.3333333,7262.84
3/3/2025 0:00,371.3333333,6717.7
3/3/2025 1:00,54,6267.73
3/3/2025 2:00,171.6666667,6007.47
3/3/2025 3:00,346,5862.6
3/3/2025 4:00,346,5809.8
3/3/2025 5:00,321,5942.3
3/3/2025 6:00,176,6288.82
3/3/2025 7:00,303.6666667,6737.43
3/3/2025 8:00,452,7007.76
3/3/2025 9:00,402,7258.82
3/3/2025 10:00,346,7349.61
3/3/2025 11:00,303.6666667,7459.52
3/3/2025 12:00,90.66666667,7570.62
3/3/2025 13:00,689.3333333,7732.01
3/3/2025 14:00,1000,7884.82
3/3/2025 15:00,1000,8008.86
3/3/2025 16:00,1000,8084.33
3/3/2025 17:00,1000,8161.21
3/3/2025 18:00,980,8193.36
3/3/2025 19:00,814.6666667,8343.91
3/3/2025 20:00,884.3333333,8445.72
3/3/2025 21:00,1000,8302.23
3/3/2025 22:00,1000,8023.46
3/3/2025 23:00,1000,7486.04
4/3/2025 0:00,940.3333333,6949.22
4/3/2025 1:00,980,6680.21
4/3/2025 2:00,1000,6374.66
4/3/2025 3:00,1000,6181.4
4/3/2025 4:00,942.6666667,6129.13
4/3/2025 5:00,880.6666667,6209.46
4/3/2025 6:00,765,6489.47
4/3/2025 7:00,884.3333333,6850.92
4/3/2025 8:00,396,6853.4
4/3/2025 9:00,236.3333333,6785.28
4/3/2025 10:00,225.3333333,6699.51
4/3/2025 11:00,483,6704.09
4/3/2025 12:00,452,6716.39
4/3/2025 13:00,905.3333333,6729.58
4/3/2025 14:00,1000,6746.89
4/3/2025 15:00,1000,6808.51
4/3/2025 16:00,333.3333333,6972.62
4/3/2025 17:00,666.6666667,7174.26
4/3/2025 18:00,1000,7359.14
4/3/2025 19:00,333.3333333,7635.86
4/3/2025 20:00,333.3333333,7791.68
4/3/2025 21:00,1000,7627.22
4/3/2025 22:00,1000,7285.58
4/3/2025 23:00,1000,6831.18
5/3/2025 0:00,980,6340.26
5/3/2025 1:00,598.3333333,5964.41
5/3/2025 2:00,423.6666667,5760.5
5/3/2025 3:00,406.5555556,5640.4
5/3/2025 4:00,389.4444445,5611.3
5/3/2025 5:00,372.3333334,5759.55
5/3/2025 6:00,355.2222222,6088.95
5/3/2025 7:00,338.1111111,6770.46
5/3/2025 8:00,321,7044.74
5/3/2025 9:00,18,6957.94
5/3/2025 10:00,137.3333333,6826.38
5/3/2025 11:00,72.66666667,6688.51
5/3/2025 12:00,18.33333333,6584.3
5/3/2025 13:00,0,6548.96
5/3/2025 14:00,161.6666667,6587.72
5/3/2025 15:00,194,6679.51
5/3/2025 16:00,147.3333333,6871.43
5/3/2025 17:00,55,7163.66
5/3/2025 18:00,0,7439.31
5/3/2025 19:00,0,7617.94
5/3/2025 20:00,0,7716.58
5/3/2025 21:00,0.5,7566.4
5/3/2025 22:00,0,7280.83
5/3/2025 23:00,0.333333333,6812.81
6/3/2025 0:00,18.33333333,6411.21
6/3/2025 1:00,36.33333333,6091.86
6/3/2025 2:00,8.666666667,5939.02
6/3/2025 3:00,82.66666667,5877.71
6/3/2025 4:00,72.66666667,5877.75
6/3/2025 5:00,55,6081.53
6/3/2025 6:00,147.3333333,6570.18
6/3/2025 7:00,176,7401.31
6/3/2025 8:00,328.6666667,7657.08
6/3/2025 9:00,512.6666667,7403.31
6/3/2025 10:00,827,7085.7
6/3/2025 11:00,880.6666667,6893.61
6/3/2025 12:00,922.6666667,6768.27
6/3/2025 13:00,1000,6670.83
6/3/2025 14:00,1000,6716.16
6/3/2025 15:00,1000,6784.9
6/3/2025 16:00,1000,6972.96
6/3/2025 17:00,1000,7200.79
6/3/2025 18:00,1000,7429.78
6/3/2025 19:00,1000,7615.86
6/3/2025 20:00,1000,7754.14
6/3/2025 21:00,1000,7635.16
6/3/2025 22:00,1000,7342.25
6/3/2025 23:00,980,6890.29
7/3/2025 0:00,1000,6405.62
7/3/2025 1:00,980,6009.1
7/3/2025 2:00,962.6666667,5758.23
7/3/2025 3:00,980,5627.2
7/3/2025 4:00,844.3333333,5607.47
7/3/2025 5:00,817.3333333,5697.13
7/3/2025 6:00,903,5998.27
7/3/2025 7:00,709,6545.17
7/3/2025 8:00,564,6822.78
7/3/2025 9:00,384.6666667,6970.91
7/3/2025 10:00,303.6666667,7106.86
7/3/2025 11:00,194,7149.8
7/3/2025 12:00,129.3333333,7211.5
7/3/2025 13:00,140,7433.01
7/3/2025 14:00,200.3333333,7639.44
7/3/2025 15:00,672,8036.05
7/3/2025 16:00,719,8396.53
7/3/2025 17:00,645.6666667,8674.36
7/3/2025 18:00,701.6666667,8808.51
7/3/2025 19:00,773.6666667,8668.11
7/3/2025 20:00,673.3333333,8523.99
7/3/2025 21:00,739,8304.11
7/3/2025 22:00,384.6666667,8034.02
7/3/2025 23:00,158,7570.2
8/3/2025 0:00,0,7044.77
8/3/2025 1:00,0.5,6570.05
8/3/2025 2:00,1,6240.28
8/3/2025 3:00,0,6025.24
8/3/2025 4:00,8.666666667,5863.29
8/3/2025 5:00,206,5822.19
8/3/2025 6:00,512.6666667,5868.81
8/3/2025 7:00,598.3333333,6075.32
8/3/2025 8:00,653.6666667,6313
8/3/2025 9:00,398,6615.47
8/3/2025 10:00,638.6666667,6891.97
8/3/2025 11:00,768.6666667,7205.56
8/3/2025 12:00,787.3333333,7515.41
8/3/2025 13:00,804.6666667,7844.77
8/3/2025 14:00,701.6666667,8027.27
8/3/2025 15:00,827,8214.97
8/3/2025 16:00,960,8173.13
8/3/2025 17:00,880.6666667,7973.9
8/3/2025 18:00,865.6666667,7710.1
8/3/2025 19:00,567.3333333,7495.5
8/3/2025 20:00,709,7346.81
8/3/2025 21:00,593.6666667,7145.59
8/3/2025 22:00,456.6666667,6946.96
8/3/2025 23:00,623.3333333,6642.53
9/3/2025 0:00,512.6666667,6304.22
9/3/2025 1:00,645.6666667,6097.59
9/3/2025 2:00,865.6666667,5955.41
9/3/2025 3:00,679.3333333,5926.96
9/3/2025 4:00,456.6666667,5898.5
9/3/2025 5:00,616,5928.42
9/3/2025 6:00,303.6666667,6071.9
9/3/2025 7:00,158,6322.75
9/3/2025 8:00,341.6666667,6668.14
9/3/2025 9:00,347,6991.58
9/3/2025 10:00,346,7158.33
9/3/2025 11:00,194,7151.78
9/3/2025 12:00,72.66666667,7001.25
9/3/2025 13:00,176,6807.82
9/3/2025 14:00,179.6666667,6627.57
9/3/2025 15:00,129.3333333,6484.68
9/3/2025 16:00,129.6666667,6417.11
9/3/2025 17:00,328.6666667,6481.35
9/3/2025 18:00,389.3333333,6681.12
9/3/2025 19:00,366.6666667,6935.14
9/3/2025 20:00,384.6666667,7171.57
9/3/2025 21:00,153.6666667,7394.1
9/3/2025 22:00,242.6666667,7267.22
9/3/2025 23:00,123,6954.19
10/3/2025 0:00,46.66666667,6595.52
10/3/2025 1:00,0,6341.1
10/3/2025 2:00,0,6199.49
10/3/2025 3:00,0,6180.65
10/3/2025 4:00,9.166666667,6267.83
10/3/2025 5:00,18.33333333,6510.08
10/3/2025 6:00,27.5,6974.88
10/3/2025 7:00,129.3333333,7595.68
10/3/2025 8:00,176,8134.1
10/3/2025 9:00,236.3333333,8230.53
10/3/2025 10:00,236.3333333,7861.32
10/3/2025 11:00,137.3333333,7428.15
10/3/2025 12:00,194,7061.38
10/3/2025 13:00,278.6666667,6819.85
10/3/2025 14:00,218.3333333,6716.94
10/3/2025 15:00,341.6666667,6714.52
10/3/2025 16:00,483,6832.43
10/3/2025 17:00,346,7062.93
10/3/2025 18:00,508,7366.78
10/3/2025 19:00,243.3333333,7621.71
10/3/2025 20:00,366.6666667,7682.23
10/3/2025 21:00,261.3333333,7715.63
10/3/2025 22:00,679.3333333,7411.69
10/3/2025 23:00,194,6956.58
11/3/2025 0:00,90.66666667,6440.67
11/3/2025 1:00,129.3333333,6112.8
11/3/2025 2:00,194,5892.08
11/3/2025 3:00,200.3333333,5781.32
11/3/2025 4:00,346,5782.32
11/3/2025 5:00,623.3333333,5936.95
11/3/2025 6:00,679.3333333,6355.16
11/3/2025 7:00,593.6666667,6970.33
11/3/2025 8:00,843.3333333,7461.08
11/3/2025 9:00,653,7517.55
11/3/2025 10:00,679.3333333,7263.79
11/3/2025 11:00,653,6967.34
11/3/2025 12:00,649.6666667,6805.5
11/3/2025 13:00,452,6732.61
11/3/2025 14:00,508,6724.59
11/3/2025 15:00,719,6872.68
11/3/2025 16:00,827,7122.35
11/3/2025 17:00,940,7481.13
11/3/2025 18:00,880.6666667,7888.26
11/3/2025 19:00,942.6666667,8153.76
11/3/2025 20:00,980,8183.42
11/3/2025 21:00,778.6666667,8143.31
11/3/2025 22:00,884.3333333,7837.51
11/3/2025 23:00,775,7347.36
12/3/2025 0:00,225.3333333,6735.92
12/3/2025 1:00,218.3333333,6110.81
12/3/2025 2:00,402,5787.46
12/3/2025 3:00,452,5597.35
12/3/2025 4:00,567.3333333,5509.11
12/3/2025 5:00,765,5560.46
12/3/2025 6:00,709,5809.34
12/3/2025 7:00,843.3333333,6303.78
12/3/2025 8:00,843.3333333,6669.1
12/3/2025 9:00,679.3333333,6775.85
12/3/2025 10:00,537.6666667,6839.13
12/3/2025 11:00,679.3333333,6892.58
12/3/2025 12:00,623.3333333,6938.69
12/3/2025 13:00,427,7124.13
12/3/2025 14:00,261.3333333,7446.18
12/3/2025 15:00,512.6666667,7899.27
12/3/2025 16:00,960,8435.71
12/3/2025 17:00,817.3333333,8993.38
12/3/2025 18:00,739,9366.08
12/3/2025 19:00,1000,9407.82
12/3/2025 20:00,1000,9188.99
12/3/2025 21:00,980,8871.09
12/3/2025 22:00,940.3333333,8369.6
12/3/2025 23:00,980,7771.63
13-03-2025 00:00:09,719,7113.13
13-03-2025 01:00:09,236.3333333,6453.47
13-03-2025 02:00:09,278.6666667,6064.12
13-03-2025 03:00:09,278.6666667,5802.92
13-03-2025 04:00:09,278.6666667,5673.89
13-03-2025 05:00:09,346,5712.66
13-03-2025 06:00:09,456.6666667,5910.1
13-03-2025 07:00:09,564,6339.29
13-03-2025 08:00:09,366.6666667,6669.22
13-03-2025 09:00:09,427,6749.83
13-03-2025 10:00:09,278.6666667,6774.34
13-03-2025 11:00:09,328.6666667,6868.14
13-03-2025 12:00:09,346,7060.33
13-03-2025 13:00:09,321,7407.47
13-03-2025 14:00:09,303.6666667,7830.3
13-03-2025 15:00:09,556,8207.64
13-03-2025 16:00:09,129.3333333,8740.46
13-03-2025 17:00:09,90.66666667,9287.11
13-03-2025 18:00:09,701.6666667,9611.6
13-03-2025 19:00:09,414.3333333,9549.45
13-03-2025 20:00:09,709,9275.77
13-03-2025 21:00:09,679.3333333,8945.04
13-03-2025 22:00:09,679.3333333,8536.44
13-03-2025 23:00:09,311,7984.59
14-03-2025 00:00:09,18.33333333,7383.31
14-03-2025 01:00:09,16,6826.51
14-03-2025 02:00:09,34,6441.49
14-03-2025 03:00:09,101.3333333,6214.77
14-03-2025 04:00:09,80.66666667,6076.52
14-03-2025 05:00:09,452,6069.68
14-03-2025 06:00:09,593.6666667,6270.5
14-03-2025 07:00:09,402,6682.59
14-03-2025 08:00:09,512.6666667,6996.61
14-03-2025 09:00:09,920.3333333,7115.56
14-03-2025 10:00:09,1000,7301.7
14-03-2025 11:00:09,980,7491.99
14-03-2025 12:00:09,653,7833.35
14-03-2025 13:00:09,709,8278.6
14-03-2025 14:00:09,1000,8859.13
14-03-2025 15:00:09,1000,9361.5
14-03-2025 16:00:09,333.3333333,9897.81
14-03-2025 17:00:09,0,10289.42
14-03-2025 18:00:09,0,10575.84
14-03-2025 19:00:09,666.6666667,10466.36
14-03-2025 20:00:09,666.6666667,9885.1
14-03-2025 21:00:09,1000,9338.84
14-03-2025 22:00:09,1000,8783.7
14-03-2025 23:00:09,1000,8250.99
15-03-2025 00:00:09,1000,7618.54
15-03-2025 01:00:09,962.6666667,7071.39
15-03-2025 02:00:09,508,6616.41
15-03-2025 03:00:09,371,6260.18
15-03-2025 04:00:09,236.3333333,5972.96
15-03-2025 05:00:09,371,5844.85
15-03-2025 06:00:09,158,5815.02
15-03-2025 07:00:09,218.3333333,5933.16
15-03-2025 08:00:09,261.3333333,6103.29
15-03-2025 09:00:09,243.3333333,6265.66
15-03-2025 10:00:09,260.6666667,6491.54
15-03-2025 11:00:09,194,6668.46
15-03-2025 12:00:09,101.3333333,6723.1
15-03-2025 13:00:09,158,6703.11
15-03-2025 14:00:09,427,6779.96
15-03-2025 15:00:09,1000,6894.56
15-03-2025 16:00:09,1000,7120.56
15-03-2025 17:00:09,980,7306.69
15-03-2025 18:00:09,1000,7305.65
15-03-2025 19:00:09,962.6666667,7296.92
15-03-2025 20:00:09,942.6666667,7261.3
15-03-2025 21:00:09,903,7270.95
15-03-2025 22:00:09,716.3333333,7049.77
15-03-2025 23:00:09,560,6737.73
16-03-2025 00:00:09,62.66666667,6344.92
16-03-2025 01:00:09,0.333333333,5977.21
16-03-2025 02:00:09,0,5700.7
16-03-2025 03:00:09,8.666666667,5528.76
16-03-2025 04:00:09,16.33333333,5439
16-03-2025 05:00:09,119.3333333,5409.31
16-03-2025 06:00:09,236.3333333,5475.3
16-03-2025 07:00:09,194,5685.19
16-03-2025 08:00:09,129.3333333,5942.98
16-03-2025 09:00:09,414.3333333,6221.09
16-03-2025 10:00:09,285.6666667,6317.68
16-03-2025 11:00:09,396,6314.57
16-03-2025 12:00:09,194,6285.26
16-03-2025 13:00:09,161.6666667,6329.5
16-03-2025 14:00:09,278.6666667,6421.58
16-03-2025 15:00:09,218.3333333,6596.01
16-03-2025 16:00:09,218.3333333,6846.47
16-03-2025 17:00:09,303.6666667,7225.43
16-03-2025 18:00:09,338,7609.42
16-03-2025 19:00:09,556,7852.18
16-03-2025 20:00:09,612,7795.37
16-03-2025 21:00:09,593.6666667,7713.15
16-03-2025 22:00:09,366.6666667,7398.34
16-03-2025 23:00:09,158,6896.22
17-03-2025 00:00:09,0.666666667,6334.52
17-03-2025 01:00:09,0.333333333,5914.66
17-03-2025 02:00:09,44,5650.03
17-03-2025 03:00:09,82.66666667,5542.2
17-03-2025 04:00:09,100.6666667,5532.57
17-03-2025 05:00:09,303.6666667,5684.27
17-03-2025 06:00:09,371,6019.91
17-03-2025 07:00:09,537.6666667,6471.63
17-03-2025 08:00:09,537.6666667,6881.65
17-03-2025 09:00:09,384.6666667,7122.52
17-03-2025 10:00:09,261.3333333,6998.42
17-03-2025 11:00:09,645.6666667,6866.73
17-03-2025 12:00:09,731.3333333,6743
17-03-2025 13:00:09,709,6791.66
17-03-2025 14:00:09,980,6912.38
17-03-2025 15:00:09,1000,7182.33
17-03-2025 16:00:09,1000,7478.91
17-03-2025 17:00:09,1000,7805.19
17-03-2025 18:00:09,1000,8145.4
17-03-2025 19:00:09,1000,8322.5
17-03-2025 20:00:09,1000,8268.17
17-03-2025 21:00:09,1000,8227.77
17-03-2025 22:00:09,1000,7842.79
17-03-2025 23:00:09,920.3333333,7268.38
18-03-2025 00:00:09,775,6650.76
18-03-2025 01:00:09,402,6230.1
18-03-2025 02:00:09,804.6666667,5903.51
18-03-2025 03:00:09,962.6666667,5706.08
18-03-2025 04:00:09,1000,5631.56
18-03-2025 05:00:09,1000,5670.87
18-03-2025 06:00:09,1000,5939.41
18-03-2025 07:00:09,1000,6356.86
18-03-2025 08:00:09,1000,6657.63
18-03-2025 09:00:09,1000,6705.12
18-03-2025 10:00:09,1000,6730.51
18-03-2025 11:00:09,980,6830.77
18-03-2025 12:00:09,922.6666667,7006.66
18-03-2025 13:00:09,920.3333333,7194.81
18-03-2025 14:00:09,1000,7462.12
18-03-2025 15:00:09,1000,7865.76
18-03-2025 16:00:09,1000,8326.28
18-03-2025 17:00:09,1000,8829.9
18-03-2025 18:00:09,1000,9228.41
18-03-2025 19:00:09,1000,9346.05
18-03-2025 20:00:09,1000,9107.94
18-03-2025 21:00:09,1000,8915.17
18-03-2025 22:00:09,1000,8472.14
18-03-2025 23:00:09,817.3333333,7879.75
19-03-2025 00:00:09,623.3333333,7184.19
19-03-2025 01:00:09,346,6586.07
19-03-2025 02:00:09,445.3333333,6248.5
19-03-2025 03:00:09,1000,6065.78
19-03-2025 04:00:09,1000,6018.26
19-03-2025 05:00:09,980,6057.22
19-03-2025 06:00:09,962.6666667,6266.14
19-03-2025 07:00:09,1000,6700.66
19-03-2025 08:00:09,1000,6952.61
19-03-2025 09:00:09,903,6968.29
19-03-2025 10:00:09,768.6666667,7014.85
19-03-2025 11:00:09,1000,7066.91
19-03-2025 12:00:09,1000,7118.09
19-03-2025 13:00:09,1000,7222.16
19-03-2025 14:00:09,1000,7362.85
19-03-2025 15:00:09,962.6666667,7537.35
19-03-2025 16:00:09,1000,7742.43
19-03-2025 17:00:09,1000,7979.71
19-03-2025 18:00:09,1000,8212.44
19-03-2025 19:00:09,940.3333333,8187.93
19-03-2025 20:00:09,1000,8091.51
19-03-2025 21:00:09,1000,7976.07
19-03-2025 22:00:09,1000,7647.04
19-03-2025 23:00:09,1000,7123.04
20-03-2025 00:00:09,960,6563.23
20-03-2025 01:00:09,440.6666667,5933.58
20-03-2025 02:00:09,26.33333333,5705.36
20-03-2025 03:00:09,8.333333333,5592.41
20-03-2025 04:00:09,16.33333333,5563.04
20-03-2025 05:00:09,0.666666667,5705.61
20-03-2025 06:00:09,0.333333333,6080.77
20-03-2025 07:00:09,0,6695.78
20-03-2025 08:00:09,0,7185.86
20-03-2025 09:00:09,24,7261.35
20-03-2025 10:00:09,24,7105.86
20-03-2025 11:00:09,8.666666667,6906.58
20-03-2025 12:00:09,82.66666667,6705.51
20-03-2025 13:00:09,8,6544.76
20-03-2025 14:00:09,0,6477.84
20-03-2025 15:00:09,0.5,6472.11
20-03-2025 16:00:09,0.5,6564.77
20-03-2025 17:00:09,0,6770.26
20-03-2025 18:00:09,82,7012.75
20-03-2025 19:00:09,26.33333333,7231.75
20-03-2025 20:00:09,124,7335.6
20-03-2025 21:00:09,200.3333333,7410.63
20-03-2025 22:00:09,235.6666667,7212.06
20-03-2025 23:00:09,16.33333333,6808.92
21-03-2025 00:00:09,90.66666667,6372.71
21-03-2025 01:00:09,62.66666667,6060.3
21-03-2025 02:00:09,278.6666667,5823.97
21-03-2025 03:00:09,278.6666667,5745.37
21-03-2025 04:00:09,261.3333333,5781.68
21-03-2025 05:00:09,402,5967.66
21-03-2025 06:00:09,261.3333333,6346.82
21-03-2025 07:00:10,194,6928.83
21-03-2025 08:00:10,396.3333333,7353.44
21-03-2025 09:00:10,905.3333333,7383.67
21-03-2025 10:00:10,888,7187.59
21-03-2025 11:00:10,765,6937.51
21-03-2025 12:00:10,821,6736.88
21-03-2025 13:00:10,847,6552.92
21-03-2025 14:00:10,1000,6497.66
21-03-2025 15:00:10,1000,6601.3
21-03-2025 16:00:10,1000,6745.35
21-03-2025 17:00:10,883,7050.18
21-03-2025 18:00:10,663,7322.96
21-03-2025 19:00:10,431.6666667,7507.07
21-03-2025 20:00:10,452.3333333,7500.78
21-03-2025 21:00:10,282.6666667,7473.41
21-03-2025 22:00:10,167,7234.77
21-03-2025 23:00:10,70,6890.9
22-03-2025 00:00:10,26.33333333,6482.14
22-03-2025 01:00:10,65,6121.18
22-03-2025 02:00:10,72.66666667,5875.23
22-03-2025 03:00:10,82.66666667,5661.88
22-03-2025 04:00:10,65,5567.68
22-03-2025 05:00:10,72.66666667,5535.26
22-03-2025 06:00:10,44,5586.03
22-03-2025 07:00:10,82.66666667,5829.71
22-03-2025 08:00:10,44,6101.58
22-03-2025 09:00:10,24,6274.45
22-03-2025 10:00:10,26,6405.96
22-03-2025 11:00:10,82.66666667,6553.33
22-03-2025 12:00:10,218.3333333,6709.84
22-03-2025 13:00:10,140,6916.13
22-03-2025 14:00:10,591,7123.08
22-03-2025 15:00:10,1000,7480.34
22-03-2025 16:00:10,1000,7898.08
22-03-2025 17:00:10,962.6666667,8303.24
22-03-2025 18:00:10,834.6666667,8662.37
22-03-2025 19:00:10,795,8749.87
22-03-2025 20:00:10,701.6666667,8533.14
22-03-2025 21:00:10,980,8350.13
22-03-2025 22:00:10,980,8015
22-03-2025 23:00:10,920.3333333,7576.62
23-03-2025 00:00:10,414.3333333,7078.55
23-03-2025 01:00:10,236.3333333,6637
23-03-2025 02:00:10,452,6293.29
23-03-2025 03:00:10,512.6666667,6064.92
23-03-2025 04:00:10,843.3333333,5930.2
23-03-2025 05:00:10,900.3333333,5875.72
23-03-2025 06:00:10,843.3333333,5883.67
23-03-2025 07:00:10,903,6013.16
23-03-2025 08:00:10,940,6166.66
23-03-2025 09:00:10,888,6462.6
23-03-2025 10:00:10,623.3333333,6820.52
23-03-2025 11:00:10,567.3333333,7146.07
23-03-2025 12:00:10,757.6666667,7401.63
23-03-2025 13:00:10,396,7755.35
23-03-2025 14:00:10,396,8161.87
23-03-2025 15:00:10,940.3333333,8586.24
23-03-2025 16:00:10,1000,9069.42
23-03-2025 17:00:10,980,9492.43
23-03-2025 18:00:10,980,9746.43
23-03-2025 19:00:10,920.3333333,9703.81
23-03-2025 20:00:10,942.6666667,9598.23
23-03-2025 21:00:10,827,9487.09
23-03-2025 22:00:10,757.6666667,9048.4
23-03-2025 23:00:10,440.6666667,8169.1
24-03-2025 00:00:10,371.3333333,7255.88
24-03-2025 01:00:10,26.33333333,6653.4
24-03-2025 02:00:10,34,6237.17
24-03-2025 03:00:10,26.33333333,5954.63
24-03-2025 04:00:10,26,5793.3
24-03-2025 05:00:10,1,5827.91
24-03-2025 06:00:10,18.33333333,6057.67
24-03-2025 07:00:10,8,6419.37
24-03-2025 08:00:10,0,6697.83
24-03-2025 09:00:10,0.333333333,6878.18
24-03-2025 10:00:10,0.333333333,6912.43
24-03-2025 11:00:10,8.333333333,6992.94
24-03-2025 12:00:10,72.66666667,7137.53
24-03-2025 13:00:10,82.66666667,7394.86
24-03-2025 14:00:10,26.33333333,7779.29
24-03-2025 15:00:10,260.6666667,8322.09
24-03-2025 16:00:10,384.6666667,8889.37
24-03-2025 17:00:10,214.6666667,9494.53
24-03-2025 18:00:10,218.3333333,9947.56
24-03-2025 19:00:10,247,10061.31
24-03-2025 20:00:10,402,9746.91
24-03-2025 21:00:10,359.6666667,9344.56
24-03-2025 22:00:10,649.6666667,8833.28
24-03-2025 23:00:10,431.6666667,8162.5
25-03-2025 00:00:10,83,7358.38
25-03-2025 01:00:10,0.666666667,6740.46
25-03-2025 02:00:10,34,6346.65
25-03-2025 03:00:10,158,6074.98
25-03-2025 04:00:10,194,5920.14
25-03-2025 05:00:10,218.3333333,5966.45
25-03-2025 06:00:10,321,6194.1
25-03-2025 07:00:10,427,6733.28
25-03-2025 08:00:10,278.6666667,7000.08
25-03-2025 09:00:10,303.6666667,7019.23
25-03-2025 10:00:10,176,7221.34
25-03-2025 11:00:10,218.3333333,7519.91
25-03-2025 12:00:10,158,7872.96
25-03-2025 13:00:10,321,8324.08
25-03-2025 14:00:10,817.3333333,8890.81
25-03-2025 15:00:10,1000,9485.73
25-03-2025 16:00:10,888,9974.27
25-03-2025 17:00:10,701.6666667,10443.06
25-03-2025 18:00:10,526.3333333,10662.45
25-03-2025 19:00:10,257,10471.94
25-03-2025 20:00:10,236.3333333,10115.02
25-03-2025 21:00:10,93.33333333,9845.52
25-03-2025 22:00:10,225.3333333,9311.32
25-03-2025 23:00:10,218.3333333,8580.82
26-03-2025 00:00:10,26.33333333,7784.96
26-03-2025 01:00:10,54,7219.95
26-03-2025 02:00:10,101.3333333,6808.58
26-03-2025 03:00:10,111.3333333,6532.19
26-03-2025 04:00:10,111.3333333,6406.1
26-03-2025 05:00:10,371,6462.65
26-03-2025 06:00:10,100.6666667,6700.24
26-03-2025 07:00:10,82.66666667,7187.11
26-03-2025 08:00:10,200.3333333,7472.84
26-03-2025 09:00:10,218.3333333,7532.2
26-03-2025 10:00:10,218.3333333,7686.87
26-03-2025 11:00:10,260.6666667,7906.78
26-03-2025 12:00:10,12,8136.04
26-03-2025 13:00:10,65,8390.4
26-03-2025 14:00:10,44,8673.38
26-03-2025 15:00:10,65,8925.33
26-03-2025 16:00:10,0,8875.01
26-03-2025 17:00:10,16.33333333,8814.87
26-03-2025 18:00:10,235,8654.19
26-03-2025 19:00:10,366.6666667,8501.9
26-03-2025 20:00:10,414.3333333,8445.46
26-03-2025 21:00:10,623.3333333,8372.43
26-03-2025 22:00:10,593.6666667,8040.22
26-03-2025 23:00:10,709,7486.77
27-03-2025 00:00:10,481.6666667,6925.93
27-03-2025 01:00:10,508,6486.34
27-03-2025 02:00:10,431.6666667,6171.61
27-03-2025 03:00:10,843.3333333,5977.73
27-03-2025 04:00:10,623.3333333,5895.28
27-03-2025 05:00:10,903,5945.83
27-03-2025 06:00:10,236.3333333,6201.42
27-03-2025 07:00:10,278.6666667,6730.06
27-03-2025 08:00:10,278.6666667,7069.21
27-03-2025 09:00:10,261.3333333,7188.88
27-03-2025 10:00:10,176,7313.54
27-03-2025 11:00:10,26.33333333,7364.38
27-03-2025 12:00:10,26,7437.56
27-03-2025 13:00:10,143,7486.81
27-03-2025 14:00:10,452.3333333,7489.41
27-03-2025 15:00:10,623.3333333,7429.41
27-03-2025 16:00:10,481.6666667,7393.34
27-03-2025 17:00:10,171.6666667,7437.74
27-03-2025 18:00:10,260.6666667,7529.56
27-03-2025 19:00:10,171.6666667,7606.79
27-03-2025 20:00:10,178.6666667,7728.43
27-03-2025 21:00:10,843.3333333,7794.22
27-03-2025 22:00:10,512.6666667,7635.77
27-03-2025 23:00:10,483,7223.74
28-03-2025 00:00:10,593.6666667,6722.68
28-03-2025 01:00:10,310.6666667,6256.71
28-03-2025 02:00:10,133,5974.9
28-03-2025 03:00:10,90.66666667,5805.49
28-03-2025 04:00:10,90.66666667,5757.45
28-03-2025 05:00:10,285.6666667,5822.67
28-03-2025 06:00:10,194,6015.61
28-03-2025 07:00:10,147.3333333,6533.4
28-03-2025 08:00:10,26.33333333,6882.41
28-03-2025 09:00:10,8.666666667,6961.43
28-03-2025 10:00:10,34,7120.45
28-03-2025 11:00:10,16.33333333,7214.29
28-03-2025 12:00:10,26.33333333,7191.53
28-03-2025 13:00:10,44,7206.39
28-03-2025 14:00:10,200.3333333,7227.27
28-03-2025 15:00:10,236.3333333,7358.76
28-03-2025 16:00:10,176,7586.6
28-03-2025 17:00:10,129.3333333,7821.86
28-03-2025 18:00:10,82.66666667,7953.13
28-03-2025 19:00:10,64.66666667,7965.86
28-03-2025 20:00:10,26,7954.84
28-03-2025 21:00:10,18.33333333,7959.51
28-03-2025 22:00:10,34,7821.03
28-03-2025 23:00:10,196.3333333,7484.19
29-03-2025 00:00:10,765,7055.54
29-03-2025 01:00:10,649.6666667,6635.15
29-03-2025 02:00:10,623.3333333,6304.78
29-03-2025 03:00:10,903,6102.98
29-03-2025 04:00:10,980,5966.38
29-03-2025 05:00:10,1000,5927.15
29-03-2025 06:00:10,903,5982.95
29-03-2025 07:00:10,623.3333333,6159.07
29-03-2025 08:00:10,452,6385.28
29-03-2025 09:00:10,709,6682.15
29-03-2025 10:00:10,940,6985.96
29-03-2025 11:00:10,757.6666667,7271.28
29-03-2025 12:00:10,649.6666667,7473.98
29-03-2025 13:00:10,827,7742.04
29-03-2025 14:00:10,1000,8180.98
29-03-2025 15:00:11,942.6666667,8713.74
29-03-2025 16:00:11,804.6666667,9282.79
29-03-2025 17:00:11,765,9819.17
29-03-2025 18:00:11,608.3333333,10159.37
29-03-2025 19:00:11,537.6666667,10130.35
29-03-2025 20:00:11,204.6666667,9809.96
29-03-2025 21:00:11,798.6666667,9468.22
29-03-2025 22:00:11,824.6666667,9025
29-03-2025 23:00:11,679.3333333,8511.1
30-03-2025 00:00:11,1000,7948.14
30-03-2025 01:00:11,654.3333333,7379.44
30-03-2025 02:00:11,568.6666667,6947.53
30-03-2025 03:00:11,47.33333333,6653.26
30-03-2025 04:00:11,119.3333333,6443.38
30-03-2025 05:00:11,129.3333333,6313.7
30-03-2025 06:00:11,285.6666667,6260.21
30-03-2025 07:00:11,236.3333333,6311.88
30-03-2025 08:00:11,508,6414.44
30-03-2025 09:00:11,236.3333333,6740.56
30-03-2025 10:00:11,508,7089.37
30-03-2025 11:00:11,427,7391.71
30-03-2025 12:00:11,593.6666667,7504.92
30-03-2025 13:00:11,804.6666667,7620.49
30-03-2025 14:00:11,860.6666667,7793.21
30-03-2025 15:00:11,456.6666667,7961.88
30-03-2025 16:00:11,90.66666667,8226.35
30-03-2025 17:00:11,253,8622.52
30-03-2025 18:00:11,367.6666667,9111.9
30-03-2025 19:00:11,321,9304.06
30-03-2025 20:00:11,196.6666667,9168.9
30-03-2025 21:00:11,178.6666667,9092.37
30-03-2025 22:00:11,189.6666667,8750.38
30-03-2025 23:00:11,653,8136.76
31-03-2025 00:00:11,366.6666667,7451.89
31-03-2025 01:00:11,328.6666667,6905.48
31-03-2025 02:00:11,313,6572.1
31-03-2025 03:00:11,396,6358.54
31-03-2025 04:00:11,236.3333333,6251.34
31-03-2025 05:00:11,371.3333333,6292.63
31-03-2025 06:00:11,171.6666667,6484.13
31-03-2025 07:00:11,16.33333333,6812.88
31-03-2025 08:00:11,8,7077.71
31-03-2025 09:00:11,111.3333333,7300.23
31-03-2025 10:00:11,44,7502.29
31-03-2025 11:00:11,18.66666667,7706.46
31-03-2025 12:00:11,47.33333333,7938.31
31-03-2025 13:00:11,111.6666667,8218.14
31-03-2025 14:00:11,396,8668.17
31-03-2025 15:00:11,232,9050.7
31-03-2025 16:00:11,129.3333333,9407.45
31-03-2025 17:00:11,243.3333333,9622.55
31-03-2025 18:00:11,281.3333333,9615.26
31-03-2025 19:00:11,232,9205.84
31-03-2025 20:00:11,158,8897.59
31-03-2025 21:00:11,172,8737.53
31-03-2025 22:00:11,36,8409.13
31-03-2025 23:00:11,64.66666667,7790.84
1/4/2025 0:00,133,7123.28
1/4/2025 1:00,8.666666667,6490.64
1/4/2025 2:00,54,6131.36
1/4/2025 3:00,72.66666667,5922.43
1/4/2025 4:00,34,5792.04
1/4/2025 5:00,371,5847.6
1/4/2025 6:00,980,6073.64
1/4/2025 7:00,1000,6592.75
1/4/2025 8:00,1000,6877.55
1/4/2025 9:00,1000,6970.21
1/4/2025 10:00,962.6666667,7111.98
1/4/2025 11:00,960,7325.56
1/4/2025 12:00,1000,7619.63
1/4/2025 13:00,1000,7935.13
1/4/2025 14:00,1000,8272.02
1/4/2025 15:00,1000,8682.6
1/4/2025 16:00,1000,9191.45
1/4/2025 17:00,1000,9668.13
1/4/2025 18:00,1000,10030.99
1/4/2025 19:00,1000,10113.99
1/4/2025 20:00,1000,9957.66
1/4/2025 21:00,1000,9738.47
1/4/2025 22:00,1000,9344.07
1/4/2025 23:00,884.3333333,8755.95
2/4/2025 0:00,236.3333333,8078.85
2/4/2025 1:00,346,7480.92
2/4/2025 2:00,328.6666667,7097.51
2/4/2025 3:00,568.6666667,6836.45
2/4/2025 4:00,847,6715.84
2/4/2025 5:00,1000,6774.16
2/4/2025 6:00,1000,7047.64
2/4/2025 7:00,1000,7526.52
2/4/2025 8:00,905.3333333,7780.48
2/4/2025 9:00,694,7844.67
2/4/2025 10:00,940.3333333,8003.88
2/4/2025 11:00,638,8111.22
2/4/2025 12:00,303.6666667,8201.82
2/4/2025 13:00,47.33333333,8348.02
2/4/2025 14:00,456.6666667,8671.85
2/4/2025 15:00,701.6666667,8973.26
2/4/2025 16:00,148,9472.03
2/4/2025 17:00,261.3333333,9929.59
2/4/2025 18:00,125.3333333,10192.32
2/4/2025 19:00,64.66666667,10016.99
2/4/2025 20:00,97.5,9803.87
2/4/2025 21:00,0,9666.67
2/4/2025 22:00,27,9425.2
2/4/2025 23:00,0,8910.34
3/4/2025 0:00,194,8333.26
3/4/2025 1:00,54,7777.45
3/4/2025 2:00,16,7395.66
3/4/2025 3:00,8.666666667,7063.77
3/4/2025 4:00,16.33333333,6943.2
3/4/2025 5:00,322,6962.82
3/4/2025 6:00,492.6666667,7168.02
3/4/2025 7:00,347,7645.17
3/4/2025 8:00,328.6666667,7912.15
3/4/2025 9:00,739,8027.28
3/4/2025 10:00,499.3333333,8177.09
3/4/2025 11:00,711.3333333,8470.83
3/4/2025 12:00,847,8798.57
3/4/2025 13:00,942.6666667,9309.2
3/4/2025 14:00,980,9923.56
3/4/2025 15:00,1000,10497.67
3/4/2025 16:00,1000,10890.3
3/4/2025 17:00,962.6666667,11237.21
3/4/2025 18:00,962.6666667,11511.81
3/4/2025 19:00,761.3333333,11414.3
3/4/2025 20:00,768.6666667,11058.69
3/4/2025 21:00,512.6666667,10718.26
3/4/2025 22:00,512.6666667,10053.38
3/4/2025 23:00,925.3333333,9271.25
4/4/2025 0:00,865.6666667,8486.2
4/4/2025 1:00,616,7913.85
4/4/2025 2:00,483,7431.78
4/4/2025 3:00,402,7132.46
4/4/2025 4:00,260.6666667,6984.46
4/4/2025 5:00,616,6996.67
4/4/2025 6:00,847,7184.4
4/4/2025 7:00,357.6666667,7638.02
4/4/2025 8:00,560.3333333,7919.39
4/4/2025 9:00,514,8027.39
4/4/2025 10:00,347,8325.73
4/4/2025 11:00,200.3333333,8590.35
4/4/2025 12:00,623.3333333,8789.48
4/4/2025 13:00,346,9128.07
4/4/2025 14:00,508,9582.92
4/4/2025 15:00,593.6666667,10098.82
4/4/2025 16:00,757.6666667,10532.76
4/4/2025 17:00,679.3333333,10844.73
4/4/2025 18:00,748.6666667,10929.99
4/4/2025 19:00,765,10610.86
4/4/2025 20:00,577.3333333,10101.06
4/4/2025 21:00,623.3333333,9781.13
4/4/2025 22:00,512.6666667,9277.23
4/4/2025 23:00,341.6666667,8736.28
5/4/2025 0:00,328.6666667,8071.65
5/4/2025 1:00,310.6666667,7496.38
5/4/2025 2:00,236.3333333,7019.52
5/4/2025 3:00,586,6777.22
5/4/2025 4:00,847,6585.57
5/4/2025 5:00,900.3333333,6511.56
5/4/2025 6:00,481.6666667,6451.15
5/4/2025 7:00,795,6368.57
5/4/2025 8:00,844.3333333,6444.4
5/4/2025 9:00,920.3333333,6627.56
5/4/2025 10:00,942.6666667,6856.24
5/4/2025 11:00,980,6983.67
5/4/2025 12:00,1000,6977.7
5/4/2025 13:00,824.6666667,6964.67
5/4/2025 14:00,962.6666667,6964.06
5/4/2025 15:00,1000,7015.31
5/4/2025 16:00,940.3333333,7095.2
5/4/2025 17:00,1000,7093.62
5/4/2025 18:00,962.6666667,7092.47
5/4/2025 19:00,1000,7080.91
5/4/2025 20:00,1000,7083.98
5/4/2025 21:00,925.3333333,7144.82
5/4/2025 22:00,1000,6997.56
5/4/2025 23:00,1000,6765.87
6/4/2025 0:00,1000,6482.69
6/4/2025 1:00,925.3333333,6179.39
6/4/2025 2:00,962.6666667,5939.76
6/4/2025 3:00,940.3333333,5787.75
6/4/2025 4:00,962.6666667,5734.82
6/4/2025 5:00,942.6666667,5780.39
6/4/2025 6:00,922.6666667,5896.2
6/4/2025 7:00,483,6147.02
6/4/2025 8:00,487.6666667,6470.62
6/4/2025 9:00,257,6836.28
6/4/2025 10:00,427,7112
6/4/2025 11:00,537.6666667,7160.26
6/4/2025 12:00,218.3333333,7098.52
6/4/2025 13:00,452,6997.19
6/4/2025 14:00,500,6853.4
6/4/2025 15:00,679.3333333,6640.16
6/4/2025 16:00,567.3333333,6549.87
6/4/2025 17:00,701.6666667,6533.51
6/4/2025 18:00,396,6686.96
6/4/2025 19:00,303.6666667,6884.27
6/4/2025 20:00,285.6666667,7127.79
6/4/2025 21:00,403,7411.38
6/4/2025 22:00,407.3333333,7270.8
6/4/2025 23:00,470.3333333,6952.77
7/4/2025 0:00,55,6572.94
7/4/2025 1:00,0,6289.51
7/4/2025 2:00,1.733333333,6123.93
7/4/2025 3:00,3.466666667,6087.74
7/4/2025 4:00,5.2,6166.36
7/4/2025 5:00,6.933333334,6410.12
7/4/2025 6:00,8.666666667,6857.85
7/4/2025 7:00,158,7443.44
7/4/2025 8:00,82.66666667,7929.08
7/4/2025 9:00,111.3333333,7983.52
7/4/2025 10:00,140,7540.14
7/4/2025 11:00,82.66666667,7147.8
7/4/2025 12:00,171.6666667,6829.89
7/4/2025 13:00,24,6620.8
7/4/2025 14:00,18.66666667,6477.87
7/4/2025 15:00,44,6422.83
7/4/2025 16:00,140,6479.05
7/4/2025 17:00,8.333333333,6679.8
7/4/2025 18:00,64.66666667,6949.52
7/4/2025 19:00,39,7211.86
7/4/2025 20:00,54,7356.61
7/4/2025 21:00,129.3333333,7509.85
7/4/2025 22:00,55,7223.01
7/4/2025 23:00,47.33333333,6824.74
8/4/2025 0:00,0,6348.12
8/4/2025 1:00,16,6017.21
8/4/2025 2:00,8.333333333,5843.97
8/4/2025 3:00,0,5757.06
8/4/2025 4:00,1,5828.24
8/4/2025 5:00,65,6035.02
8/4/2025 6:00,140,6457.55
8/4/2025 7:00,111.3333333,7230.31
8/4/2025 8:00,158,7584.79
8/4/2025 9:00,176,7373.29
8/4/2025 10:00,236.3333333,7018.53
8/4/2025 11:00,176,6728.59
8/4/2025 12:00,194,6575.96
8/4/2025 13:00,158,6509.39
8/4/2025 14:00,537.6666667,6577.94
8/4/2025 15:00,735.3333333,6679.89
8/4/2025 16:00,452,6900.74
8/4/2025 17:00,483,7297.03
8/4/2025 18:00,371.3333333,7687.33
8/4/2025 19:00,568.6666667,7963.35
8/4/2025 20:00,431.6666667,7975.69
8/4/2025 21:00,396,7978.24
8/4/2025 22:00,285.6666667,7705.81
8/4/2025 23:00,261.3333333,7153.03
9/4/2025 0:00,189.6666667,6569.11
9/4/2025 1:00,44,6169.41
9/4/2025 2:00,129.3333333,5890.71
9/4/2025 3:00,147.3333333,5702.16
9/4/2025 4:00,278.6666667,5613.03
9/4/2025 5:00,567.3333333,5707.36
9/4/2025 6:00,537.6666667,5953.36
9/4/2025 7:00,940.3333333,6524.38
9/4/2025 8:00,960,6815.96
9/4/2025 9:00,922.6666667,6808.26
9/4/2025 10:00,940,6783.39
9/4/2025 11:00,942.6666667,6761.75
9/4/2025 12:00,843.3333333,6768.97
9/4/2025 13:00,883,6895.03
9/4/2025 14:00,1000,7141.13
9/4/2025 15:00,1000,7455.59
9/4/2025 16:00,1000,7854.49
9/4/2025 17:00,864.3333333,8322.06
9/4/2025 18:00,865.6666667,8712.53
9/4/2025 19:00,701.6666667,8865.62
9/4/2025 20:00,482,8742.03
9/4/2025 21:00,359.6666667,8636.27
9/4/2025 22:00,179.6666667,8293.48
9/4/2025 23:00,65,7694.82
10/4/2025 0:00,26,7051.08
10/4/2025 1:00,82.66666667,6421.17
10/4/2025 2:00,147.3333333,6031.07
10/4/2025 3:00,8.333333333,5798.2
10/4/2025 4:00,34,5655.37
10/4/2025 5:00,0,5687.44
10/4/2025 6:00,0,5939.22
10/4/2025 7:00,0,6450.48
10/4/2025 8:00,0,6666.3
10/4/2025 9:00,1,6773.48
10/4/2025 10:00,8.333333333,6845.67
10/4/2025 11:00,0.666666667,7002.88
10/4/2025 12:00,0.666666667,7196.78
10/4/2025 13:00,16.33333333,7600.12
10/4/2025 14:00,8.333333333,8117.66
10/4/2025 15:00,83,8708.28
10/4/2025 16:00,285.6666667,9313.35
10/4/2025 17:00,649.6666667,9943.71
10/4/2025 18:00,672,10369.11
10/4/2025 19:00,797.3333333,10433.35
10/4/2025 20:00,922.6666667,10077.99
10/4/2025 21:00,679.3333333,9707.92
10/4/2025 22:00,804.6666667,9289.91
10/4/2025 23:00,593.6666667,8560.54
11/4/2025 0:00,161.6666667,7682.66
11/4/2025 1:00,26.33333333,6999.38
11/4/2025 2:00,26.33333333,6530.38
11/4/2025 3:00,44,6222.38
11/4/2025 4:00,0.666666667,6028.37
11/4/2025 5:00,16,6006.94
11/4/2025 6:00,0.333333333,6203.41
11/4/2025 7:00,8.333333333,6687.18
11/4/2025 8:00,44,6901.67
11/4/2025 9:00,24,6989.28
11/4/2025 10:00,26.33333333,7264.13
11/4/2025 11:00,27,7580.93
11/4/2025 12:00,0,7943.45
11/4/2025 13:00,0,8355.97
11/4/2025 14:00,111.3333333,8801.54
11/4/2025 15:00,261.3333333,9349.54
11/4/2025 16:00,147.3333333,9846.94
11/4/2025 17:00,34,10254.86
11/4/2025 18:00,129.3333333,10479.79
11/4/2025 19:00,36.33333333,10297.79
11/4/2025 20:00,143,9868.62
11/4/2025 21:00,111.6666667,9507.9
11/4/2025 22:00,328,9018.93
11/4/2025 23:00,100.6666667,8396.66
12/4/2025 0:00,82.66666667,7750.14
12/4/2025 1:00,54,6997.69
12/4/2025 2:00,54,6529.83
12/4/2025 3:00,54,6214.77
12/4/2025 4:00,303.6666667,5998.28
12/4/2025 5:00,508,5882.37
12/4/2025 6:00,865.6666667,5894.92
12/4/2025 7:00,701.6666667,6021.14
12/4/2025 8:00,560,6204.2
12/4/2025 9:00,508,6483.76
12/4/2025 10:00,456.6666667,6837.55
12/4/2025 11:00,346,7181.76
12/4/2025 12:00,278.6666667,7489.08
12/4/2025 13:00,568.6666667,7822.11
12/4/2025 14:00,1000,8201.84
12/4/2025 15:00,1000,8649.05
12/4/2025 16:00,1000,9099.88
12/4/2025 17:00,1000,9547.51
12/4/2025 18:00,1000,9823.12
12/4/2025 19:00,1000,9823.74
12/4/2025 20:00,1000,9468.51
12/4/2025 21:00,1000,9164.21
12/4/2025 22:00,1000,8763.03
12/4/2025 23:00,854.6666667,8240.47
13-04-2025 00:00:12,860.6666667,7664.25
13-04-2025 01:00:12,328.6666667,6970.4
13-04-2025 02:00:12,537.6666667,6557.83
13-04-2025 03:00:12,905.3333333,6247.13
13-04-2025 04:00:12,925.3333333,6057.52
13-04-2025 05:00:12,942.6666667,5927.73
13-04-2025 06:00:12,1000,5925.06
13-04-2025 07:00:12,980,6034.92
13-04-2025 08:00:12,1000,6167.99
13-04-2025 09:00:12,1000,6456.24
13-04-2025 10:00:12,1000,6792.27
13-04-2025 11:00:12,827,7121.43
13-04-2025 12:00:12,860.6666667,7484.87
13-04-2025 13:00:12,940.3333333,7897.59
13-04-2025 14:00:12,1000,8316.48
13-04-2025 15:00:12,1000,8767.5
13-04-2025 16:00:12,1000,9223.6
13-04-2025 17:00:12,980,9725.55
13-04-2025 18:00:12,679.3333333,10049.32
13-04-2025 19:00:12,147.3333333,10102.89
13-04-2025 20:00:12,384.6666667,9833.79
13-04-2025 21:00:12,765,9539.94
13-04-2025 22:00:12,481.6666667,9094.85
13-04-2025 23:00:12,481.6666667,8358.12
14-04-2025 00:00:12,200.3333333,7579.83
14-04-2025 01:00:12,218.3333333,7045.7
14-04-2025 02:00:12,303.6666667,6580.22
14-04-2025 03:00:12,844.3333333,6280.98
14-04-2025 04:00:12,860.6666667,6167.41
14-04-2025 05:00:12,748.6666667,6251.22
14-04-2025 06:00:12,925.3333333,6465.04
14-04-2025 07:00:12,922.6666667,6806.52
14-04-2025 08:00:12,814.6666667,7047.97
14-04-2025 09:00:12,402,7272.76
14-04-2025 10:00:12,537.6666667,7522.14
14-04-2025 11:00:12,427,7737.07
14-04-2025 12:00:12,359.6666667,8066.58
14-04-2025 13:00:12,427,8540.96
14-04-2025 14:00:12,593.6666667,9074.68
14-04-2025 15:00:12,821,9707.28
14-04-2025 16:00:12,787.3333333,10345.8
14-04-2025 17:00:12,679.3333333,10954.51
14-04-2025 18:00:12,593.6666667,11354.01
14-04-2025 19:00:12,748.6666667,11278.72
14-04-2025 20:00:12,481.6666667,10800.83
14-04-2025 21:00:12,452,10393.75
14-04-2025 22:00:12,537.6666667,9846.76
14-04-2025 23:00:12,508,9069.07
15-04-2025 00:00:12,285.6666667,8170.12
15-04-2025 01:00:12,384.6666667,7443.39
15-04-2025 02:00:12,456.6666667,6935.11
15-04-2025 03:00:12,512.6666667,6620.59
15-04-2025 04:00:12,321,6443.52
15-04-2025 05:00:12,303.6666667,6431.37
15-04-2025 06:00:12,427,6623.25
15-04-2025 07:00:13,346,7095.17
15-04-2025 08:00:13,338,7286.47
15-04-2025 09:00:13,285.6666667,7327.29
15-04-2025 10:00:13,257,7415.82
15-04-2025 11:00:13,158,7491.86
15-04-2025 12:00:13,140,7484.71
15-04-2025 13:00:13,414.3333333,7639.44
15-04-2025 14:00:13,787.3333333,7962.45
15-04-2025 15:00:13,795,8356.43
15-04-2025 16:00:13,765,8650.59
15-04-2025 17:00:13,653,9031.63
15-04-2025 18:00:13,359.6666667,9356.19
15-04-2025 19:00:13,593.6666667,9402.19
15-04-2025 20:00:13,456.6666667,9238.63
15-04-2025 21:00:13,427,9117.2
15-04-2025 22:00:13,137.3333333,8797.32
15-04-2025 23:00:13,218.3333333,8187.28
16-04-2025 00:00:13,285.6666667,7554.23
16-04-2025 01:00:13,34,6736.18
16-04-2025 02:00:13,82.66666667,6363.28
16-04-2025 03:00:13,44,6065.81
16-04-2025 04:00:13,34,5951.55
16-04-2025 05:00:13,129.3333333,6007.35
16-04-2025 06:00:13,111.3333333,6261.74
16-04-2025 07:00:13,176,6790.35
16-04-2025 08:00:13,82.66666667,7035.19
16-04-2025 09:00:13,235,7156.51
16-04-2025 10:00:13,487.6666667,7305.84
16-04-2025 11:00:13,452,7466.23
16-04-2025 12:00:13,709,7643.52
16-04-2025 13:00:13,962.6666667,7869.77
16-04-2025 14:00:13,942.6666667,8207.21
16-04-2025 15:00:13,980,8458.75
16-04-2025 16:00:13,864.3333333,8924.25
16-04-2025 17:00:13,860.6666667,9358.86
16-04-2025 18:00:13,920.3333333,9668.59
16-04-2025 19:00:13,860.6666667,9856.27
16-04-2025 20:00:13,804.6666667,9609.44
16-04-2025 21:00:13,883,9403.73
16-04-2025 22:00:13,1000,9023.45
16-04-2025 23:00:13,797.3333333,8418.7
17-04-2025 00:00:13,844.3333333,7670.61
17-04-2025 01:00:13,456.6666667,6911.36
17-04-2025 02:00:13,880.6666667,6561.39
17-04-2025 03:00:13,940.3333333,6325.04
17-04-2025 04:00:13,962.6666667,6225.64
17-04-2025 05:00:13,1000,6283.79
17-04-2025 06:00:13,1000,6496.34
17-04-2025 07:00:13,925.3333333,6957.82
17-04-2025 08:00:13,905.3333333,7193.34
17-04-2025 09:00:13,765,7284.19
17-04-2025 10:00:13,843.3333333,7398.46
17-04-2025 11:00:13,883,7571.09
17-04-2025 12:00:13,905.3333333,7855.79
17-04-2025 13:00:13,980,8225.69
17-04-2025 14:00:13,925.3333333,8589.27
17-04-2025 15:00:13,847,9065.04
17-04-2025 16:00:13,663,9469.13
17-04-2025 17:00:13,560,9814.78
17-04-2025 18:00:13,679.3333333,10070.41
17-04-2025 19:00:13,719,9989.53
17-04-2025 20:00:13,679.3333333,9668.6
17-04-2025 21:00:13,843.3333333,9480.26
17-04-2025 22:00:13,483,9152.95
17-04-2025 23:00:13,623.3333333,8609.17
18-04-2025 00:00:13,701.6666667,7932
18-04-2025 01:00:13,133,7514.97
18-04-2025 02:00:13,719,7028.56
18-04-2025 03:00:13,645.6666667,6712.54
18-04-2025 04:00:13,623.3333333,6490.17
18-04-2025 05:00:13,701.6666667,6428.27
18-04-2025 06:00:13,905.3333333,6568.32
18-04-2025 07:00:13,883,6837.44
18-04-2025 08:00:13,623.3333333,7039.5
18-04-2025 09:00:13,402,7384.32
18-04-2025 10:00:13,452,7854.95
18-04-2025 11:00:13,623.3333333,8400.05
18-04-2025 12:00:13,537.6666667,8952.29
18-04-2025 13:00:13,487.6666667,9455.79
18-04-2025 14:00:13,633.3333333,9865.22
18-04-2025 15:00:13,847,10324.87
18-04-2025 16:00:13,809.6666667,10692.13
18-04-2025 17:00:13,719,10835.38
18-04-2025 18:00:13,567.3333333,10720.22
18-04-2025 19:00:13,535,10417.47
18-04-2025 20:00:13,809.6666667,10026.07
18-04-2025 21:00:13,679.3333333,9885.07
18-04-2025 22:00:13,260.6666667,9591.58
18-04-2025 23:00:13,346,9134.41
19-04-2025 00:00:13,505,8598.18
19-04-2025 01:00:13,653,8065.62
19-04-2025 02:00:13,261.3333333,7619.47
19-04-2025 03:00:13,942.6666667,7247.11
19-04-2025 04:00:13,438.3333333,6975.41
19-04-2025 05:00:13,55,6771.41
19-04-2025 06:00:13,247,6664.06
19-04-2025 07:00:13,243.3333333,6688.23
19-04-2025 08:00:13,470.3333333,6785.88
19-04-2025 09:00:13,556,7090.95
19-04-2025 10:00:13,827,7550.01
19-04-2025 11:00:13,469.6666667,7834.76
19-04-2025 12:00:13,719,8070.64
19-04-2025 13:00:13,679.3333333,8307.45
19-04-2025 14:00:13,526.3333333,8429.26
19-04-2025 15:00:13,396.3333333,8502.59
19-04-2025 16:00:13,396,8663.7
19-04-2025 17:00:13,303.6666667,8825.1
19-04-2025 18:00:13,278.6666667,8995.39
19-04-2025 19:00:13,346,8960.45
19-04-2025 20:00:13,371,8899.56
19-04-2025 21:00:13,449.6666667,8893.02
19-04-2025 22:00:13,65,8708.35
19-04-2025 23:00:13,334,8328.26
20-04-2025 00:00:13,384.6666667,7876.65
20-04-2025 01:00:13,189.6666667,7440.78
20-04-2025 02:00:13,281.3333333,7080.73
20-04-2025 03:00:13,512.6666667,6789.8
20-04-2025 04:00:13,672,6583.26
20-04-2025 05:00:13,736.3333333,6460.5
20-04-2025 06:00:13,431.6666667,6365.32
20-04-2025 07:00:13,101.3333333,6291.33
20-04-2025 08:00:13,0.666666667,6370.62
20-04-2025 09:00:13,0,6670.95
20-04-2025 10:00:13,73,6895.44
20-04-2025 11:00:13,236.3333333,7176.85
20-04-2025 12:00:13,278.6666667,7520.96
20-04-2025 13:00:13,645.6666667,7851.69
20-04-2025 14:00:13,980,8164
20-04-2025 15:00:13,942.6666667,8436.12
20-04-2025 16:00:13,809.6666667,8665.91
20-04-2025 17:00:13,864.3333333,8985.01
20-04-2025 18:00:13,512.6666667,9173.58
20-04-2025 19:00:13,508,9249.76
20-04-2025 20:00:13,194,9006.82
20-04-2025 21:00:13,80.66666667,8676.06
20-04-2025 22:00:13,73,8145.58
20-04-2025 23:00:13,26,7550.83
21-04-2025 00:00:13,12,6892.48
21-04-2025 01:00:13,10.16666667,6359.4
21-04-2025 02:00:13,8.333333333,5997.34
21-04-2025 03:00:13,34,5763.28
21-04-2025 04:00:13,24,5664.29
21-04-2025 05:00:13,129.3333333,5686.65
21-04-2025 06:00:13,194,5892.2
21-04-2025 07:00:13,218.3333333,6176.28
21-04-2025 08:00:13,140,6401.03
21-04-2025 09:00:13,129.3333333,6754.5
21-04-2025 10:00:13,54,6989.05
21-04-2025 11:00:13,140,7275.77
21-04-2025 12:00:13,140,7622.04
21-04-2025 13:00:13,82.66666667,8026.27
21-04-2025 14:00:13,236.3333333,8451.37
21-04-2025 15:00:13,299.3333333,8964.85
21-04-2025 16:00:13,189.6666667,9487.02
21-04-2025 17:00:13,72.66666667,9977.93
21-04-2025 18:00:13,214.6666667,10359.81
21-04-2025 19:00:13,34,10431.07
21-04-2025 20:00:13,90.66666667,10105.3
21-04-2025 21:00:13,317.3333333,9737.94
21-04-2025 22:00:13,359.6666667,9310.6
21-04-2025 23:00:13,285.6666667,8638.53
22-04-2025 00:00:13,218.3333333,7853.67
22-04-2025 01:00:13,24,7234.86
22-04-2025 02:00:13,54,6756.81
22-04-2025 03:00:13,111.3333333,6540.66
22-04-2025 04:00:13,257,6445.97
22-04-2025 05:00:13,414.3333333,6508.66
22-04-2025 06:00:13,236.3333333,6771.77
22-04-2025 07:00:13,313,7280.54
22-04-2025 08:00:13,260.6666667,7504.8
22-04-2025 09:00:13,508,7650.31
22-04-2025 10:00:13,623.3333333,7855.19
22-04-2025 11:00:13,452,8199.51
22-04-2025 12:00:13,243.3333333,8545.94
22-04-2025 13:00:13,679.3333333,9005.44
22-04-2025 14:00:13,814.6666667,9503.68
22-04-2025 15:00:13,809.6666667,9968.76
22-04-2025 16:00:13,865.6666667,10321.79
22-04-2025 17:00:13,847,10536.88
22-04-2025 18:00:13,512.6666667,10727.09
22-04-2025 19:00:13,787.3333333,10659.05
22-04-2025 20:00:13,542.3333333,10422.14
22-04-2025 21:00:13,470.3333333,10177.94
22-04-2025 22:00:13,512.6666667,9806.63
22-04-2025 23:00:13,843.3333333,9157.59
23-04-2025 00:00:13,427,8426.86
23-04-2025 01:00:13,129.6666667,7471.92
23-04-2025 02:00:13,65,7032.25
23-04-2025 03:00:13,140,6750.94
23-04-2025 04:00:13,72.66666667,6554.81
23-04-2025 05:00:13,8,6420.15
23-04-2025 06:00:13,347,6525.17
23-04-2025 07:00:13,54,6954.28
23-04-2025 08:00:13,44,7154.64
23-04-2025 09:00:13,115,7297.44
23-04-2025 10:00:13,111.3333333,7575.04
23-04-2025 11:00:13,97.5,7899.29
23-04-2025 12:00:13,0,8254.6
23-04-2025 13:00:13,329,8679.13
23-04-2025 14:00:13,218.3333333,8959.65
23-04-2025 15:00:14,285.6666667,9154.41
23-04-2025 16:00:14,158,9314.55
23-04-2025 17:00:14,179.6666667,9429.93
23-04-2025 18:00:14,257,9500.82
23-04-2025 19:00:14,194,9467.68
23-04-2025 20:00:14,402,9378.49
23-04-2025 21:00:14,329,9317.03
23-04-2025 22:00:14,236.3333333,9045.1
23-04-2025 23:00:14,194,8463.64
24-04-2025 00:00:14,303.6666667,7817.9
24-04-2025 01:00:14,72.66666667,7389.88
24-04-2025 02:00:14,824.6666667,7041.43
24-04-2025 03:00:14,253.6666667,6828.16
24-04-2025 04:00:14,508,6725.81
24-04-2025 05:00:14,194,6787.96
24-04-2025 06:00:14,82.66666667,6976.24
24-04-2025 07:00:14,371.3333333,7461.79
24-04-2025 08:00:14,313,7694.2
24-04-2025 09:00:14,484.3333333,7854.5
24-04-2025 10:00:14,24,8137.05
24-04-2025 11:00:14,70.5,8440.59
24-04-2025 12:00:14,80.66666667,8781.87
24-04-2025 13:00:14,346,9231.94
24-04-2025 14:00:14,176,9631.58
24-04-2025 15:00:14,140,9934.2
24-04-2025 16:00:14,384.6666667,10105.99
24-04-2025 17:00:14,679.3333333,10136.04
24-04-2025 18:00:14,757.6666667,9895.04
24-04-2025 19:00:14,470.3333333,9579.74
24-04-2025 20:00:14,218.3333333,9332.01
24-04-2025 21:00:14,140,9243.61
24-04-2025 22:00:14,261.3333333,8955.27
24-04-2025 23:00:14,346,8385.41
25-04-2025 00:00:14,194,7710.02
25-04-2025 01:00:14,26,7230.74
25-04-2025 02:00:14,111.6666667,6853.11
25-04-2025 03:00:14,82.66666667,6589.74
25-04-2025 04:00:14,44,6466.38
25-04-2025 05:00:14,47,6510.37
25-04-2025 06:00:14,189.6666667,6755.47
25-04-2025 07:00:14,346,7229.56
25-04-2025 08:00:14,171.6666667,7454.92
25-04-2025 09:00:14,452,7652.86
25-04-2025 10:00:14,542.3333333,7873.43
25-04-2025 11:00:14,342.6666667,8208.92
25-04-2025 12:00:14,303.6666667,8558.59
25-04-2025 13:00:14,73,9009.71
25-04-2025 14:00:14,8.666666667,9416.23
25-04-2025 15:00:14,8.666666667,9702.03
25-04-2025 16:00:14,62.66666667,10039.68
25-04-2025 17:00:14,83,10322.37
25-04-2025 18:00:14,123,10395.58
25-04-2025 19:00:14,328.6666667,10103.29
25-04-2025 20:00:14,303.6666667,9700.63
25-04-2025 21:00:14,427,9551.06
25-04-2025 22:00:14,701.6666667,9232.72
25-04-2025 23:00:14,556,8732.51
26-04-2025 00:00:14,236.3333333,8121.62
26-04-2025 01:00:14,62.66666667,7627.45
26-04-2025 02:00:14,93.66666667,7183.38
26-04-2025 03:00:14,72.66666667,6887.41
26-04-2025 04:00:14,107,6669.62
26-04-2025 05:00:14,218.3333333,6568.6
26-04-2025 06:00:14,189.6666667,6560.68
26-04-2025 07:00:14,321,6657.33
26-04-2025 08:00:14,161.6666667,6781.1
26-04-2025 09:00:14,303,7092.52
26-04-2025 10:00:14,317.3333333,7480.81
26-04-2025 11:00:14,310.6666667,7887.63
26-04-2025 12:00:14,62.66666667,8251.03
26-04-2025 13:00:14,119.3333333,8610.39
26-04-2025 14:00:14,359.6666667,8878.35
26-04-2025 15:00:14,709,9068.49
26-04-2025 16:00:14,456.6666667,9316.15
26-04-2025 17:00:14,200.3333333,9466.44
26-04-2025 18:00:14,90.66666667,9559.1
26-04-2025 19:00:14,82.66666667,9463.05
26-04-2025 20:00:14,186.6666667,9221.37
26-04-2025 21:00:14,328.6666667,9128.58
26-04-2025 22:00:14,359.6666667,8862.93
26-04-2025 23:00:14,481.6666667,8482.77
27-04-2025 00:00:14,303.6666667,7958.89
27-04-2025 01:00:14,171.6666667,7505.46
27-04-2025 02:00:14,82.66666667,7091.95
27-04-2025 03:00:14,8.333333333,6819.35
27-04-2025 04:00:14,0,6632.88
27-04-2025 05:00:14,0,6513.91
27-04-2025 06:00:14,54,6475.66
27-04-2025 07:00:14,435.6666667,6538.68
27-04-2025 08:00:14,508,6653.28
27-04-2025 09:00:14,719,7055.41
27-04-2025 10:00:14,701.6666667,7519.13
27-04-2025 11:00:14,481.6666667,8009.25
27-04-2025 12:00:14,452,8423.03
27-04-2025 13:00:14,709,8921.74
27-04-2025 14:00:14,748.6666667,9280.62
27-04-2025 15:00:14,960,9585.95
27-04-2025 16:00:14,787.3333333,9791.43
27-04-2025 17:00:14,900.3333333,9976.1
27-04-2025 18:00:14,920.3333333,10194.6
27-04-2025 19:00:14,942.6666667,10172.99
27-04-2025 20:00:14,1000,9996.63
27-04-2025 21:00:14,1000,9904.86
27-04-2025 22:00:14,920.3333333,9620.1
27-04-2025 23:00:14,962.6666667,8995.96
28-04-2025 00:00:14,960,8292.61
28-04-2025 01:00:14,1000,7703.56
28-04-2025 02:00:14,1000,7344.36
28-04-2025 03:00:14,1000,7091.08
28-04-2025 04:00:14,1000,6966.25
28-04-2025 05:00:14,1000,7010.86
28-04-2025 06:00:14,1000,7287.69
28-04-2025 07:00:14,1000,7763.21
28-04-2025 08:00:14,1000,7938.55
28-04-2025 09:00:14,940.3333333,8090.21
28-04-2025 10:00:14,962.6666667,8310.9
28-04-2025 11:00:14,709,8644.96
28-04-2025 12:00:14,427,8921.69
28-04-2025 13:00:14,310.6666667,9183.98
28-04-2025 14:00:14,649.6666667,9381.98
28-04-2025 15:00:14,1000,9549.51
28-04-2025 16:00:14,864.3333333,9614.47
28-04-2025 17:00:14,847,10005.19
28-04-2025 18:00:14,809.6666667,10199.34
28-04-2025 19:00:14,658,10152.24
28-04-2025 20:00:14,623.3333333,10028.12
28-04-2025 21:00:14,452,9967.69
28-04-2025 22:00:14,456.6666667,9689.12
28-04-2025 23:00:14,980,9111.39
29-04-2025 00:00:14,719,8390.04
29-04-2025 01:00:14,537.6666667,7766.95
29-04-2025 02:00:14,709,7346.39
29-04-2025 03:00:14,824.6666667,7072.75
29-04-2025 04:00:14,922.6666667,6940.6
29-04-2025 05:00:14,888,6995.14
29-04-2025 06:00:14,925.3333333,7196.66
29-04-2025 07:00:14,701.6666667,7630.39
29-04-2025 08:00:14,97.5,7817.23
29-04-2025 09:00:14,12,7939.76
29-04-2025 10:00:14,8.666666667,8137.54
29-04-2025 11:00:14,54,8352.64
29-04-2025 12:00:14,0.333333333,8664.49
29-04-2025 13:00:14,8.333333333,9101.58
29-04-2025 14:00:14,12.5,9507.79
29-04-2025 15:00:14,8,9945.46
29-04-2025 16:00:14,119.3333333,10309.15
29-04-2025 17:00:14,739,10600.76
29-04-2025 18:00:14,427,10822.66
29-04-2025 19:00:14,176,10795.35
29-04-2025 20:00:14,537.6666667,10430.59
29-04-2025 21:00:14,359.6666667,10255.18
29-04-2025 22:00:14,65.33333333,9838.8
29-04-2025 23:00:14,16.33333333,9163.3
30-04-2025 00:00:14,64.66666667,8407.14
30-04-2025 01:00:14,347,7801.13
30-04-2025 02:00:14,18.66666667,7405.51
30-04-2025 03:00:14,55,7155.73
30-04-2025 04:00:14,385,7048.03
30-04-2025 05:00:14,310.6666667,7073.08
30-04-2025 06:00:14,24,7319.15
30-04-2025 07:00:14,12,7803
30-04-2025 08:00:14,0.666666667,8040.43
30-04-2025 09:00:14,341.3333333,8238.64
30-04-2025 10:00:14,327.1666667,8487.78
30-04-2025 11:00:14,313,8843.91
30-04-2025 12:00:14,608.3333333,9200.37
30-04-2025 13:00:14,150.3333333,9409.55
30-04-2025 14:00:14,26.33333333,9736.38
30-04-2025 15:00:14,65,10068.98
30-04-2025 16:00:14,26,10520.36
30-04-2025 17:00:14,13.25,10918.11
30-04-2025 18:00:14,0.5,11245.3
30-04-2025 19:00:14,54,11219.53
30-04-2025 20:00:14,243.3333333,10850.05
30-04-2025 21:00:14,26.33333333,10499.26
30-04-2025 22:00:14,1,9998.8
30-04-2025 23:00:14,16.33333333,9157.4
